manuscript	status	language	material	period	site	composition_type	ir_images	ir_recto	ir_with_sqe_match	ir_with_etcbc_fragment	ir_single_text_fragment	ir_exact_link	sqe_editions	etcbc_scroll	etcbc_fragments	etcbc_preserved	etcbc_certain	etcbc_fragments_imaged	etcbc_preserved_imaged	etcbc_scrolls_via_images
11Q1	excluded: Paleo-Hebrew script	Hebrew	Parchment	Herodian	Qumran, Cave 11	Scripture	52	52	18	18	16	18	1022	11Q1	36	3787	3618	6	962	11Q1
11Q10	square	Aramaic	Parchment	Herodian	Qumran, Cave 11	Translation of Scripture	34	34	16	16	15	16	643	11Q10	59	5651	5132	9	753	11Q10
11Q11	square	Hebrew	Parchment	Herodian	Qumran, Cave 11	Poetical/Liturgical Texts	6	6	4	4	3	4	644	11Q11	11	1003	873	5	43	11Q11
11Q12	square	Hebrew	Parchment	Herodian	Qumran, Cave 11	Parabiblical Texts	13	13	13	13	13	13	645	11Q12	14	319	270	12	287	11Q12
11Q13	square	Hebrew	Parchment	Hasmonean	Qumran, Cave 11	Exegetical Texts	19	19	13	13	13	13	646	11Q13	10	1019	822	8	1007	11Q13
11Q14	square	Hebrew	Parchment	Herodian	Qumran, Cave 11	Sectarian Texts	4	3	4	4	2	3	647	11Q14	5	418	399	3	409	11Q14
11Q15	square	Hebrew	Parchment	Herodian	Qumran, Cave 11	Poetical/Liturgical Texts	4	4	4	4	4	4	648	11Q15	4	109	99	4	109	11Q15
11Q16	square	Hebrew	Parchment	Herodian	Qumran, Cave 11	Poetical/Liturgical Texts	1	1	0	0	0	0	649	11Q16	2	93	86	0	0	
11Q17	square	Hebrew	Parchment	Herodian	Qumran, Cave 11	Poetical/Liturgical Texts	42	42	16	16	16	16	650	11Q17	23	1469	1284	15	1226	11Q17
11Q18	square	Aramaic	Parchment	Herodian	Qumran, Cave 11	Parabiblical Texts	47	45	47	47	35	47	651	11Q18	43	1998	1782	40	1965	11Q18
11Q2	square	Hebrew	Parchment	Herodian	Qumran, Cave 11	Scripture	7	7	6	6	4	6	1023	11Q2	10	186	155	7	110	11Q2
11Q20	square	Hebrew	Parchment	Herodian	Qumran, Cave 11	Legal Texts	66	66	37	37	37	37	653	11Q20	28	2165	1938	26	2148	11Q20
11Q21	square	Hebrew	Parchment	Herodian	Qumran, Cave 11	Legal Texts	3	3	3	3	3	3	654	11Q21	3	101	78	3	101	11Q21
11Q22	excluded: Paleo-Hebrew script	Hebrew	Parchment	Hasmonean	Qumran, Cave 11	Unidentified Text	3	3	3	3	3	3	655	11Q22	7	77	66	3	15	11Q22
11Q23	excluded: Cryptic A script	Hebrew	Parchment	Hellenistic-Roman	Qumran, Cave 11	Unidentified Text	4	4	4	4	4	4	656	11Q23	3	7	5	3	7	11Q23
11Q24	square	Aramaic	Parchment	Hasmonean	Qumran, Cave 11	Unidentified Text	1	1	0	0	0	0	1058		0	0	0	0	0	
11Q25	square	Hebrew	Parchment	Herodian	Qumran, Cave 11	Unidentified Text	5	5	5	5	5	5	657	11Q25	8	59	42	5	46	11Q25
11Q26	square	Hebrew	Parchment	Herodian	Qumran, Cave 11	Unidentified Text	2	2	2	2	2	2	658	11Q26	3	15	14	2	13	11Q26
11Q27	square	Hebrew	Parchment	Hellenistic-Roman	Qumran, Cave 11	Unidentified Text	3	3	3	3	3	3	659	11Q27	2	10	10	2	10	11Q27
11Q28	excluded: language 'Unidentified'	Unidentified	Papyrus	Hellenistic-Roman	Qumran, Cave 11	Unidentified Text	2	2	0	0	0	0	1059		0	0	0	0	0	
11Q3	square	Hebrew	Parchment	Herodian	Qumran, Cave 11	Scripture	1	1	1	1	1	1	1024	11Q3	4	53	41	1	24	11Q3
11Q30	square	Hebrew?	Parchment	Herodian	Qumran, Cave 11	Unidentified Text	18	18	15	15	15	15	661	11Q30	19	81	57	15	62	11Q30
11Q31	square	Hebrew	Parchment	Hellenistic-Roman	Qumran, Cave 11	Unidentified Text	0	0	0	0	0	0			0	0	0	0	0	
11Q4	square	Hebrew	Parchment	Herodian	Qumran, Cave 11	Scripture	0	0	0	0	0	0	1025	11Q4	8	174	120	0	0	
11Q5	square	Hebrew	Parchment	Herodian	Qumran, Cave 11	Scripture?	17	12	0	0	0	0	641	11Q5	41	13663	13387	0	0	
11Q6	square	Hebrew	Parchment	Herodian	Qumran, Cave 11	Scripture	14	14	3	3	3	3	642,1027	11Q6	8	340	306	2	160	11Q6
11Q7	square	Hebrew	Parchment	Herodian	Qumran, Cave 11	Scripture	13	12	12	12	12	12	1028	11Q7	8	638	523	7	609	11Q7
11Q8	square	Hebrew	Parchment	Herodian	Qumran, Cave 11	Scripture	9	9	9	9	9	9	1029	11Q8	17	375	318	9	189	11Q8
11Q9	square	Hebrew	Parchment	Herodian	Qumran, Cave 11	Scripture	0	0	0	0	0	0	1030	11Q9	1	15	7	0	0	
11Q9999	excluded: language ''		Parchment	Hellenistic-Roman	Qumran, Cave 11	Unidentified Text	75	75	0	0	0	0	1060		0	0	0	0	0	
1Q1	square	Hebrew	Parchment	Herodian	Qumran, Cave 1	Scripture	0	0	0	0	0	0	802	1Q1	19	197	172	0	0	
1Q10	square	Hebrew	Parchment	Hellenistic-Roman	Qumran, Cave 1	Scripture	0	0	0	0	0	0	812	1Q10	19	254	205	0	0	
1Q11	square	Hebrew	Parchment	Hellenistic-Roman	Qumran, Cave 1	Scripture	0	0	0	0	0	0	813	1Q11	3	70	61	0	0	
1Q12	square	Hebrew	Parchment	Herodian	Qumran, Cave 1	Scripture	0	0	0	0	0	0	814	1Q12	7	60	52	0	0	
1Q13	square	Hebrew	Parchment	Hellenistic-Roman	Qumran, Cave 1	Tefillin	0	0	0	0	0	0	815	1Q13	35	681	596	0	0	
1Q14	square	Hebrew	Parchment	Herodian	Qumran, Cave 1	Pesher	0	0	0	0	0	0	7	1Q14	14	332	265	0	0	
1Q15	square	Hebrew	Parchment	Hellenistic-Roman	Qumran, Cave 1	Pesher	0	0	0	0	0	0	8	1Q15	1	52	43	0	0	
1Q16	square	Hebrew	Parchment	Hellenistic-Roman	Qumran, Cave 1	Pesher	0	0	0	0	0	0	9	1Q16	13	175	144	0	0	
1Q17	square	Hebrew	Parchment	Hellenistic-Roman	Qumran, Cave 1	Parabiblical Texts	0	0	0	0	0	0	10	1Q17	1	61	48	0	0	
1Q18	square	Hebrew	Parchment	Hasmonean	Qumran, Cave 1	Parabiblical Texts	0	0	0	0	0	0	11	1Q18	4	83	70	0	0	
1Q19	square	Hebrew	Parchment	Herodian	Qumran, Cave 1	Parabiblical Texts	0	0	0	0	0	0	12	1Q19	19	225	188	0	0	
1Q2	square	Hebrew	Parchment	Hellenistic-Roman	Qumran, Cave 1	Scripture	0	0	0	0	0	0	803	1Q2	11	201	169	0	0	
1Q20	square	Aramaic	Parchment	Herodian	Qumran, Cave 1	Parabiblical Texts	0	0	0	0	0	0	14	1Q20	21	12382	10670	0	0	
1Q21	square	Aramaic	Parchment	Hasmonean	Qumran, Cave 1	Parabiblical Texts	0	0	0	0	0	0	15	1Q21	61	444	381	0	0	
1Q22	square	Hebrew	Parchment	Hellenistic-Roman	Qumran, Cave 1	Parabiblical Texts	0	0	0	0	0	0	16	1Q22	17	1193	990	0	0	
1Q23	square	Aramaic	Parchment	Hasmonean	Qumran, Cave 1	Parabiblical Texts	0	0	0	0	0	0	17	1Q23	27	289	192	0	0	
1Q24	square	Aramaic	Parchment	Hellenistic-Roman	Qumran, Cave 1	Parabiblical Texts	0	0	0	0	0	0	18	1Q24	8	134	93	0	0	
1Q25	square	Hebrew	Parchment	Herodian	Qumran, Cave 1	Parabiblical Texts	0	0	0	0	0	0	19	1Q25	14	254	215	0	0	
1Q26	square	Hebrew	Parchment	Hasmonean	Qumran, Cave 1	Sapiential Texts	0	0	0	0	0	0	20	1Q26	5	199	159	0	0	
1Q27	square	Hebrew	Parchment	Hellenistic-Roman	Qumran, Cave 1	Sapiential Texts	0	0	0	0	0	0	21	1Q27	13	785	726	0	0	
1Q28	square	Hebrew	Parchment	Hasmonean	Qumran, Cave 1	Sectarian Texts	1	1	0	0	0	0			0	0	0	0	0	
1Q28a	square	Hebrew	Parchment	Hasmonean	Qumran, Cave 1	Sectarian Texts	0	0	0	0	0	0			0	0	0	0	0	
1Q28b-1000	square	Hebrew	Parchment	Hasmonean	Qumran, Cave 1	Sectarian Texts	8	8	0	0	0	0			0	0	0	0	0	
1Q28b-662	square	Hebrew	Parchment	Hasmonean	Qumran, Cave 1	Sectarian Texts	14	14	0	0	0	0			0	0	0	0	0	
1Q28b-664	square	Hebrew	Parchment	Hasmonean	Qumran, Cave 1	Sectarian Texts	12	11	0	0	0	0			0	0	0	0	0	
1Q29	square	Hebrew	Parchment	Hellenistic-Roman	Qumran, Cave 1	Parabiblical Texts	23	23	10	10	10	10	22	1Q29	12	285	242	8	231	1Q29
1Q30	square	Hebrew	Parchment	Hellenistic-Roman	Qumran, Cave 1	Poetical/Liturgical Texts?	0	0	0	0	0	0	24	1Q30	11	146	134	0	0	
1Q31	square	Hebrew	Parchment	Hellenistic-Roman	Qumran, Cave 1	Poetical/Liturgical Texts?	0	0	0	0	0	0	25	1Q31	2	51	41	0	0	
1Q32	square	Aramaic	Parchment	Herodian	Qumran, Cave 1	Parabiblical Texts	0	0	0	0	0	0	26	1Q32	19	115	93	0	0	
1Q33	square	Hebrew	Parchment	Herodian	Qumran, Cave 1	Sectarian Texts	0	0	0	0	0	0			0	0	0	0	0	
1Q34	square	Hebrew	Parchment	Herodian	Qumran, Cave 1	Poetical/Liturgical Texts	0	0	0	0	0	0			0	0	0	0	0	
1Q35	square	Hebrew	Parchment	Herodian	Qumran, Cave 1	Poetical/Liturgical Texts	0	0	0	0	0	0	28	1Q35	2	104	88	0	0	
1Q36	square	Hebrew	Parchment	Hellenistic-Roman	Qumran, Cave 1	Poetical/Liturgical Texts	0	0	0	0	0	0	29	1Q36	24	375	318	0	0	
1Q37	square	Hebrew	Parchment	Herodian	Qumran, Cave 1	Poetical/Liturgical Texts?	0	0	0	0	0	0	30	1Q37	2	51	48	0	0	
1Q38	square	Hebrew	Parchment	Hellenistic-Roman	Qumran, Cave 1	Poetical/Liturgical Texts?	0	0	0	0	0	0	31	1Q38	5	101	85	0	0	
1Q39	square	Hebrew	Parchment	Herodian	Qumran, Cave 1	Poetical/Liturgical Texts?	0	0	0	0	0	0	32	1Q39	2	62	50	0	0	
1Q4	square	Hebrew	Parchment	Hellenistic-Roman	Qumran, Cave 1	Scripture	0	0	0	0	0	0	805	1Q4	57	444	360	0	0	
1Q40	square	Hebrew	Parchment	Hellenistic-Roman	Qumran, Cave 1	Poetical/Liturgical Texts?	0	0	0	0	0	0	33	1Q40	5	66	59	0	0	
1Q41	square	Hebrew	Parchment	Hellenistic-Roman	Qumran, Cave 1	Unidentified Text	0	0	0	0	0	0	34	1Q41	2	22	20	0	0	
1Q42	square	Hebrew	Parchment	Hellenistic-Roman	Qumran, Cave 1	Unidentified Text	0	0	0	0	0	0	35	1Q42	3	25	19	0	0	
1Q43	square	Hebrew	Parchment	Hellenistic-Roman	Qumran, Cave 1	Unidentified Text	0	0	0	0	0	0	36	1Q43	1	9	7	0	0	
1Q44	square	Hebrew	Parchment	Hellenistic-Roman	Qumran, Cave 1	Unidentified Text	0	0	0	0	0	0	37	1Q44	1	10	9	0	0	
1Q45	square	Hebrew	Parchment	Hellenistic-Roman	Qumran, Cave 1	Unidentified Text	0	0	0	0	0	0	38	1Q45	4	23	20	0	0	
1Q46	square	Hebrew	Parchment	Hellenistic-Roman	Qumran, Cave 1	Unidentified Text	0	0	0	0	0	0	39	1Q46	6	31	27	0	0	
1Q47	square	Hebrew	Parchment	Hellenistic-Roman	Qumran, Cave 1	Unidentified Text	0	0	0	0	0	0	40	1Q47	2	12	10	0	0	
1Q48	square	Hebrew	Parchment	Hellenistic-Roman	Qumran, Cave 1	Unidentified Text	0	0	0	0	0	0			0	0	0	0	0	
1Q49	square	Hebrew	Parchment	Hellenistic-Roman	Qumran, Cave 1	Unidentified Text	0	0	0	0	0	0	41	1Q49	2	14	13	0	0	
1Q5	square	Hebrew	Parchment	Hellenistic-Roman	Qumran, Cave 1	Scripture	65	65	0	0	0	0	806	1Q5	48	814	711	0	0	
1Q50	square	Hebrew	Parchment	Hellenistic-Roman	Qumran, Cave 1	Unidentified Text	0	0	0	0	0	0	42	1Q50	2	28	22	0	0	
1Q51	square	Hebrew	Parchment	Hellenistic-Roman	Qumran, Cave 1	Unidentified Text	0	0	0	0	0	0	43	1Q51	1	47	38	0	0	
1Q52	square	Hebrew	Parchment	Hellenistic-Roman	Qumran, Cave 1	Unidentified Text	0	0	0	0	0	0	44	1Q52	1	12	10	0	0	
1Q53	square	Hebrew	Parchment	Hellenistic-Roman	Qumran, Cave 1	Unidentified Text	0	0	0	0	0	0	45	1Q53	1	17	16	0	0	
1Q54	square	Hebrew	Parchment	Hellenistic-Roman	Qumran, Cave 1	Unidentified Text	0	0	0	0	0	0	46	1Q54	1	14	11	0	0	
1Q55	square	Hebrew	Parchment	Hellenistic-Roman	Qumran, Cave 1	Unidentified Text	0	0	0	0	0	0	47	1Q55	1	19	17	0	0	
1Q56	square	Hebrew	Parchment	Hellenistic-Roman	Qumran, Cave 1	Unidentified Text	0	0	0	0	0	0	48	1Q56	1	5	5	0	0	
1Q57	square	Hebrew	Parchment	Hellenistic-Roman	Qumran, Cave 1	Unidentified Text	0	0	0	0	0	0	49	1Q57	1	10	9	0	0	
1Q58	square	Hebrew	Parchment	Hellenistic-Roman	Qumran, Cave 1	Unidentified Text	0	0	0	0	0	0	50	1Q58	2	10	9	0	0	
1Q59	square	Hebrew	Parchment	Hellenistic-Roman	Qumran, Cave 1	Unidentified Text	0	0	0	0	0	0			0	0	0	0	0	
1Q6	square	Hebrew	Parchment	Hellenistic-Roman	Qumran, Cave 1	Scripture	0	0	0	0	0	0	807	1Q6	37	347	288	0	0	
1Q60	square	Hebrew	Parchment	Hellenistic-Roman	Qumran, Cave 1	Unidentified Text	0	0	0	0	0	0			0	0	0	0	0	
1Q61	square	Hebrew	Parchment	Hellenistic-Roman	Qumran, Cave 1	Unidentified Text	0	0	0	0	0	0			0	0	0	0	0	
1Q62	square	Hebrew	Parchment	Hellenistic-Roman	Qumran, Cave 1	Unidentified Text	0	0	0	0	0	0	51	1Q62	1	5	5	0	0	
1Q63	square	Aramaic	Parchment	Hellenistic-Roman	Qumran, Cave 1	Unidentified Text	0	0	0	0	0	0	52	1Q63	1	14	13	0	0	
1Q64	square	Aramaic	Parchment	Hellenistic-Roman	Qumran, Cave 1	Unidentified Text	0	0	0	0	0	0	53	1Q64	1	14	12	0	0	
1Q65	square	Aramaic	Parchment	Hellenistic-Roman	Qumran, Cave 1	Unidentified Text	0	0	0	0	0	0	54	1Q65	1	20	18	0	0	
1Q66	square	Aramaic	Parchment	Hellenistic-Roman	Qumran, Cave 1	Unidentified Text	0	0	0	0	0	0	55	1Q66	2	17	16	0	0	
1Q67	square	Aramaic	Parchment	Hellenistic-Roman	Qumran, Cave 1	Unidentified Text	0	0	0	0	0	0	56	1Q67	2	23	22	0	0	
1Q68	square	Aramaic	Parchment	Hellenistic-Roman	Qumran, Cave 1	Unidentified Text	0	0	0	0	0	0	57	1Q68	7	49	42	0	0	
1Q69	square	Hebrew	Parchment	Hellenistic-Roman	Qumran, Cave 1	Unidentified Text	0	0	0	0	0	0	58	1Q69	17	78	71	0	0	
1Q7	square	Hebrew	Parchment	Hellenistic-Roman	Qumran, Cave 1	Scripture	0	0	0	0	0	0	808	1Q7	4	381	345	0	0	
1Q70	square	Hebrew?	Papyrus	Hellenistic-Roman	Qumran, Cave 1	Unidentified Text	0	0	0	0	0	0	59	1Q70	21	62	39	0	0	
1Q71	square	Hebrew	Parchment	Hellenistic-Roman	Qumran, Cave 1	Scripture	0	0	0	0	0	0	816	1Q71	2	249	234	0	0	
1Q72	square	Aramaic	Parchment	Hellenistic-Roman	Qumran, Cave 1	Scripture	0	0	0	0	0	0	817	1Q72	1	200	179	0	0	
1Q8	square	Hebrew	Parchment	Herodian	Qumran, Cave 1	Scripture	10	10	6	3	3	3	810	1Q8	34	13002	11120	3	107	1Q8
1Q9	square	Hebrew	Parchment	Hellenistic-Roman	Qumran, Cave 1	Scripture	2	2	2	2	2	2	811	1Q9	2	34	27	2	34	1Q9
2Q1	square	Hebrew	Parchment	Herodian	Qumran, Cave 2	Scripture	2	2	2	2	1	2	818	2Q1	3	34	23	3	34	2Q1
2Q10	square	Hebrew	Parchment	Herodian	Qumran, Cave 2	Scripture	1	1	1	1	1	1	827	2Q10	1	23	20	1	23	2Q10
2Q11	square	Hebrew	Parchment	Herodian	Qumran, Cave 2	Scripture	1	1	1	1	1	1	828	2Q11	1	22	15	1	22	2Q11
2Q12	square	Hebrew	Parchment	Herodian	Qumran, Cave 2	Scripture	1	1	1	1	1	1	829	2Q12	1	38	33	1	38	2Q12
2Q13	square	Hebrew	Parchment	Herodian	Qumran, Cave 2	Scripture	23	23	22	22	1	22	830	2Q13	23	746	661	20	726	2Q13
2Q14	square	Hebrew	Parchment	Herodian	Qumran, Cave 2	Scripture	2	2	2	2	2	2	831	2Q14	2	76	72	2	76	2Q14
2Q15	square	Hebrew	Parchment	Herodian	Qumran, Cave 2	Scripture	1	1	1	1	1	1	832	2Q15	1	14	10	1	14	2Q15
2Q16	square	Hebrew	Parchment	Herodian	Qumran, Cave 2	Scripture	16	16	15	15	4	15	833	2Q16	6	478	435	6	478	2Q16
2Q17	square	Hebrew	Parchment	Hasmonean	Qumran, Cave 2	Scripture	2	2	2	2	2	2	834	2Q17	2	86	80	2	86	2Q17
2Q18	square	Hebrew	Parchment	Herodian	Qumran, Cave 2	Poetical/Liturgical Texts?	2	2	2	2	2	2	61	2Q18	2	35	32	2	35	2Q18
2Q19	square	Hebrew	Parchment	Herodian	Qumran, Cave 2	Parabiblical Texts	1	1	1	1	1	1	62	2Q19	1	50	49	1	50	2Q19
2Q2	square	Hebrew	Parchment	Herodian	Qumran, Cave 2	Scripture	14	14	13	13	13	13	819	2Q2	13	465	422	13	465	2Q2
2Q20	square	Hebrew	Parchment	Herodian	Qumran, Cave 2	Parabiblical Texts	3	3	3	3	3	3	63	2Q20	3	62	53	3	62	2Q20
2Q21	square	Hebrew	Parchment	Herodian	Qumran, Cave 2	Parabiblical Texts	2	2	2	2	2	2	64	2Q21	2	93	84	2	93	2Q21
2Q22	square	Hebrew	Parchment	Herodian	Qumran, Cave 2	Parabiblical Texts	1	1	1	1	0	1	65	2Q22	2	110	105	2	110	2Q22
2Q23	square	Hebrew	Parchment	Herodian	Qumran, Cave 2	Parabiblical Texts	6	6	6	6	6	6	66	2Q23	6	209	180	6	209	2Q23
2Q24	square	Aramaic	Parchment	Herodian	Qumran, Cave 2	Parabiblical Texts	12	11	12	12	12	11	67	2Q24	10	519	481	10	519	2Q24
2Q25	square	Hebrew	Parchment	Herodian	Qumran, Cave 2	Legal Texts	0	0	0	0	0	0	68	2Q25	3	50	40	0	0	
2Q26	square	Aramaic	Parchment	Herodian	Qumran, Cave 2	Parabiblical Texts	0	0	0	0	0	0	69	2Q26	1	55	42	0	0	
2Q27	square	Hebrew	Parchment	Herodian	Qumran, Cave 2	Unidentified Text	0	0	0	0	0	0	70	2Q27	1	40	33	0	0	
2Q28	square	Hebrew	Parchment	Hellenistic-Roman	Qumran, Cave 2	Unidentified Text	0	0	0	0	0	0	71	2Q28	3	58	45	0	0	
2Q29	square	Hebrew	Parchment	Hellenistic-Roman	Qumran, Cave 2	Unidentified Text	0	0	0	0	0	0	72	2Q29	4	35	21	0	0	
2Q3	square	Hebrew	Parchment	Herodian	Qumran, Cave 2	Scripture	0	0	0	0	0	0	820	2Q3	14	141	101	0	0	
2Q30	square	Hebrew	Parchment	Hellenistic-Roman	Qumran, Cave 2	Unidentified Text	0	0	0	0	0	0	73	2Q30	2	13	10	0	0	
2Q31	square	Hebrew	Parchment	Hellenistic-Roman	Qumran, Cave 2	Unidentified Text	0	0	0	0	0	0	74	2Q31	2	7	7	0	0	
2Q32	square	Hebrew	Parchment	Hellenistic-Roman	Qumran, Cave 2	Unidentified Text	0	0	0	0	0	0	75	2Q32	2	5	3	0	0	
2Q33	square	Hebrew	Parchment	Hellenistic-Roman	Qumran, Cave 2	Unidentified Text	0	0	0	0	0	0	76	2Q33	10	67	56	0	0	
2Q4	square	Hebrew	Parchment	Hellenistic-Roman	Qumran, Cave 2	Scripture	4	4	1	1	1	1	821	2Q4	1	11	9	1	11	2Q4
2Q5	excluded: Paleo-Hebrew script	Hebrew	Parchment	Hasmonean	Qumran, Cave 2	Scripture	1	1	1	1	1	1	822	2Q5	1	58	57	1	58	2Q5
2Q6	square	Hebrew	Parchment	Herodian	Qumran, Cave 2	Scripture	2	2	2	2	2	2	823	2Q6	2	62	56	2	62	2Q6
2Q7	square	Hebrew	Parchment	Herodian	Qumran, Cave 2	Scripture	1	1	1	1	1	1	824	2Q7	1	54	52	1	54	2Q7
2Q8	square	Hebrew	Parchment	Herodian	Qumran, Cave 2	Scripture	1	1	1	1	1	1	825	2Q8	1	14	11	1	14	2Q8
2Q9	square	Hebrew	Parchment	Hellenistic-Roman	Qumran, Cave 2	Scripture	1	1	1	1	1	1	826	2Q9	1	8	7	1	8	2Q9
3Q1	square	Hebrew	Parchment	Herodian	Qumran, Cave 3	Scripture	1	1	1	1	1	1	835	3Q1	1	11	6	1	11	3Q1
3Q10	square	Hebrew	Parchment	Hellenistic-Roman	Qumran, Cave 3	Unidentified Text	4	4	4	4	4	4	83	3Q10	4	19	18	4	19	3Q10
3Q11	square	Hebrew	Parchment	Hellenistic-Roman	Qumran, Cave 3	Unidentified Text	2	2	2	2	2	2	84	3Q11	2	29	27	2	29	3Q11
3Q12	square	Aramaic	Parchment	Hellenistic-Roman	Qumran, Cave 3	Unidentified Text	2	2	2	2	2	2	85	3Q12	2	26	13	2	26	3Q12
3Q13	square	Aramaic	Parchment	Hellenistic-Roman	Qumran, Cave 3	Unidentified Text	4	4	4	4	4	4	86	3Q13	5	25	19	4	17	3Q13
3Q14	square	Hebrew?	Parchment	Hellenistic-Roman	Qumran, Cave 3	Unidentified Text	24	24	20	20	20	20	87	3Q14	21	169	133	20	167	3Q14
3Q15	square	Hebrew	Copper	Roman	Qumran, Cave 3	Other	0	0	0	0	0	0	88	3Q15	12	2850	2780	0	0	
3Q2	square	Hebrew	Parchment	Herodian	Qumran, Cave 3	Scripture	1	1	1	1	1	1	836	3Q2	1	14	13	1	14	3Q2
3Q3	square	Hebrew	Parchment	Herodian	Qumran, Cave 3	Scripture	2	2	2	2	2	2	837	3Q3	2	23	16	2	23	3Q3
3Q4	square	Hebrew	Parchment	Herodian	Qumran, Cave 3	Pesher	1	1	1	1	1	1	77	3Q4	1	45	39	1	45	3Q4
3Q5	square	Hebrew	Parchment	Herodian	Qumran, Cave 3	Parabiblical Texts	7	7	7	7	5	7	78	3Q5	9	138	111	9	138	3Q5
3Q6	square	Hebrew	Parchment	Herodian	Qumran, Cave 3	Poetical/Liturgical Texts	2	2	2	2	2	2	79	3Q6	2	33	29	2	33	3Q6
3Q7	square	Hebrew	Parchment	Herodian	Qumran, Cave 3	Parabiblical Texts	7	7	6	6	6	6	80	3Q7	6	50	34	6	50	3Q7
3Q8	square	Hebrew	Parchment	Herodian	Qumran, Cave 3	Other	4	4	4	4	4	4	81	3Q8	2	23	21	2	23	3Q8
3Q9	square	Hebrew	Parchment	Herodian	Qumran, Cave 3	Sectarian Texts	7	7	7	7	7	7	82	3Q9	3	52	42	3	52	3Q9
4Q1	square	Hebrew	Parchment	Hasmonean	Qumran, Cave 4	Scripture	52	52	49	49	43	49	838	4Q1	53	3150	2546	41	2888	4Q1
4Q10	square	Hebrew	Parchment	Herodian	Qumran, Cave 4	Scripture	5	5	5	5	5	5	849	4Q10	5	164	127	5	164	4Q10
4Q100	square	Hebrew	Parchment	Herodian	Qumran, Cave 4	Scripture	4	4	4	4	4	4	957	4Q100	5	66	43	4	52	4Q100
4Q102	square	Hebrew	Parchment	Herodian	Qumran, Cave 4	Scripture	1	1	1	1	1	1	959	4Q102	1	153	123	1	153	4Q102
4Q103	square	Hebrew	Parchment	Herodian	Qumran, Cave 4	Scripture	10	10	9	8	7	8	960	4Q103	4	417	341	4	417	4Q103
4Q104	square	Hebrew	Parchment	Hasmonean	Qumran, Cave 4	Scripture	1	1	1	1	1	1	961	4Q104	1	280	260	1	280	4Q104
4Q105	square	Hebrew	Parchment	Herodian	Qumran, Cave 4	Scripture	4	4	4	4	4	4	962	4Q105	2	94	72	2	94	4Q105
4Q106	square	Hebrew	Parchment	Herodian	Qumran, Cave 4	Scripture	2	2	2	2	0	2	963	4Q106	5	365	253	4	349	4Q106
4Q107	square	Hebrew	Parchment	Herodian	Qumran, Cave 4	Scripture	3	3	3	3	2	3	964	4Q107	4	595	514	4	595	4Q107
4Q108	square	Hebrew	Parchment	Hellenistic-Roman	Qumran, Cave 4	Scripture	1	1	1	1	1	1	965	4Q108	1	10	8	1	10	4Q108
4Q109	square	Hebrew	Parchment	Hasmonean	Qumran, Cave 4	Scripture	0	0	0	0	0	0	966	4Q109	4	401	352	0	0	
4Q11	excluded: Paleo-Hebrew script	Hebrew	Parchment	Hasmonean	Qumran, Cave 4	Scripture	83	83	46	46	41	46	850	4Q11	41	2619	1209	40	2609	4Q11
4Q110	square	Hebrew	Parchment	Herodian	Qumran, Cave 4	Scripture	2	2	2	0	0	0	967	4Q110	1	88	79	0	0	
4Q111	square	Hebrew	Parchment	Herodian	Qumran, Cave 4	Scripture	7	7	6	6	6	5	968	4Q111	4	695	631	4	695	4Q111
4Q112	square	Hebrew	Parchment	Hasmonean	Qumran, Cave 4	Scripture	18	18	16	16	16	16	969	4Q112	14	2006	1697	12	1909	4Q112
4Q113	square	Hebrew	Parchment	Herodian	Qumran, Cave 4	Scripture	17	17	17	17	16	17	970	4Q113	11	878	704	9	812	4Q113
4Q114	square	Hebrew	Parchment	Hasmonean	Qumran, Cave 4	Scripture	2	1	2	2	2	2	971	4Q114	4	758	628	1	188	4Q114
4Q115	square	Hebrew	Parchment	Herodian	Qumran, Cave 4	Scripture	15	15	15	15	14	15	972	4Q115	12	504	218	12	504	4Q115
4Q116	square	Hebrew	Parchment	Hasmonean	Qumran, Cave 4	Scripture	5	5	5	5	4	5	973	4Q116	2	49	28	2	49	4Q116
4Q117	square	Hebrew	Parchment	Hasmonean	Qumran, Cave 4	Scripture	3	3	3	3	3	3	974	4Q117	3	220	156	3	220	4Q117
4Q118	square	Hebrew	Parchment	Herodian	Qumran, Cave 4	Scripture	2	2	1	1	0	1	975	4Q118	2	79	57	2	79	4Q118
4Q119	excluded: Greek script	Greek	Parchment	Hasmonean	Qumran, Cave 4	Translation of Scripture	1	1	0	0	0	0	1061		0	0	0	0	0	
4Q12	excluded: Paleo-Hebrew script	Hebrew	Parchment	Hasmonean	Qumran, Cave 4	Scripture	1	1	0	0	0	0	851	4Q12	1	60	50	0	0	
4Q120	excluded: Greek script	Greek	Papyrus	Hasmonean	Qumran, Cave 4	Translation of Scripture	29	29	0	0	0	0	1062		0	0	0	0	0	
4Q121	excluded: Greek script	Greek	Parchment	Herodian	Qumran, Cave 4	Translation of Scripture	19	19	0	0	0	0	1063		0	0	0	0	0	
4Q122	excluded: Greek script	Greek	Parchment	Early Hellenistic	Qumran, Cave 4	Translation of Scripture	5	5	0	0	0	0	1064		0	0	0	0	0	
4Q126	excluded: Greek script	Greek	Parchment	Hasmonean	Qumran, Cave 4	Translation of Scripture?	11	11	0	0	0	0	1067		0	0	0	0	0	
4Q128	square	Hebrew	Parchment	Hellenistic-Roman	Qumran, Cave 4	Tefillin	2	2	2	2	2	2	976	4Q128	1	1173	851	1	1173	4Q128
4Q129	square	Hebrew	Parchment	Hellenistic-Roman	Qumran, Cave 4	Tefillin	0	0	0	0	0	0	977	4Q129	3	1058	898	0	0	
4Q13	square	Hebrew	Parchment	Herodian	Qumran, Cave 4	Scripture	12	10	9	9	6	8	852	4Q13	5	1419	1163	4	1094	4Q13
4Q130	square	Hebrew	Parchment	Hellenistic-Roman	Qumran, Cave 4	Tefillin	0	0	0	0	0	0	978	4Q130	1	1179	1067	0	0	
4Q131	square	Hebrew	Parchment	Hellenistic-Roman	Qumran, Cave 4	Tefillin	0	0	0	0	0	0	979	4Q131	5	61	40	0	0	
4Q132	square	Hebrew	Parchment	Hellenistic-Roman	Qumran, Cave 4	Tefillin	0	0	0	0	0	0	980	4Q132	3	41	23	0	0	
4Q133	square	Hebrew	Parchment	Hellenistic-Roman	Qumran, Cave 4	Tefillin	0	0	0	0	0	0	981	4Q133	1	178	124	0	0	
4Q134	square	Hebrew	Parchment	Hellenistic-Roman	Qumran, Cave 4	Tefillin	0	0	0	0	0	0	982	4Q134	1	858	744	0	0	
4Q135	square	Hebrew	Parchment	Hellenistic-Roman	Qumran, Cave 4	Tefillin	5	5	2	2	2	2	983	4Q135	1	943	813	1	943	4Q135
4Q136	square	Hebrew	Parchment	Hellenistic-Roman	Qumran, Cave 4	Tefillin	0	0	0	0	0	0	984	4Q136	1	440	388	0	0	
4Q138	square	Hebrew	Parchment	Hellenistic-Roman	Qumran, Cave 4	Tefillin	0	0	0	0	0	0	986	4Q138	1	1376	1231	0	0	
4Q139	square	Hebrew	Parchment	Hellenistic-Roman	Qumran, Cave 4	Tefillin	0	0	0	0	0	0	987	4Q139	1	169	144	0	0	
4Q14	square	Hebrew	Parchment	Herodian	Qumran, Cave 4	Scripture	39	36	13	13	13	13	853	4Q14	17	2522	1907	13	2176	4Q14
4Q140	square	Hebrew	Parchment	Hellenistic-Roman	Qumran, Cave 4	Tefillin	1	1	1	1	1	1	988	4Q140	1	848	766	1	848	4Q140
4Q141	square	Hebrew	Parchment	Hellenistic-Roman	Qumran, Cave 4	Tefillin	1	1	1	1	0	1	989	4Q141	2	194	147	2	194	4Q141
4Q142	square	Hebrew	Parchment	Hellenistic-Roman	Qumran, Cave 4	Tefillin	0	0	0	0	0	0	990	4Q142	1	162	128	0	0	
4Q143	square	Hebrew	Parchment	Hellenistic-Roman	Qumran, Cave 4	Tefillin	0	0	0	0	0	0	991	4Q143	2	120	100	0	0	
4Q144	square	Hebrew	Parchment	Hellenistic-Roman	Qumran, Cave 4	Tefillin	1	1	1	1	1	1	992	4Q144	2	107	73	1	54	4Q144
4Q145	square	Hebrew	Parchment	Hellenistic-Roman	Qumran, Cave 4	Tefillin	1	1	1	1	1	1	993	4Q145	2	374	304	1	215	4Q145
4Q146	square	Hebrew	Parchment	Hellenistic-Roman	Qumran, Cave 4	Tefillin	1	1	1	1	1	1	994	4Q146	1	82	69	1	82	4Q146
4Q147	square	Hebrew	Parchment	Hellenistic-Roman	Qumran, Cave 4	Tefillin	2	2	0	0	0	0	1069		0	0	0	0	0	
4Q148	square	Hebrew	Parchment	Hellenistic-Roman	Qumran, Cave 4	Tefillin	1	1	0	0	0	0	1070		0	0	0	0	0	
4Q149	square	Hebrew	Parchment	Hasmonean	Qumran, Cave 4	Mezuzah	0	0	0	0	0	0	995	4Q149	1	96	68	0	0	
4Q15	square	Hebrew	Parchment	Hasmonean	Qumran, Cave 4	Scripture	1	1	1	1	1	1	854	4Q15	1	92	76	1	92	4Q15
4Q150	square	Hebrew	Parchment	Herodian	Qumran, Cave 4	Mezuzah	1	1	1	1	1	1	996	4Q150	1	91	76	1	91	4Q150
4Q151	square	Hebrew	Parchment	Herodian	Qumran, Cave 4	Mezuzah	0	0	0	0	0	0	997	4Q151	1	56	27	0	0	
4Q152	square	Hebrew	Parchment	Herodian	Qumran, Cave 4	Mezuzah	0	0	0	0	0	0	998	4Q152	1	18	14	0	0	
4Q153	square	Hebrew	Parchment	Hellenistic-Roman	Qumran, Cave 4	Mezuzah	0	0	0	0	0	0	999	4Q153	1	16	11	0	0	
4Q154	square	Hebrew	Parchment	Hasmonean	Qumran, Cave 4	Mezuzah	2	2	1	1	1	1	1000	4Q154	1	56	29	1	56	4Q154
4Q155	square	Hebrew	Parchment	Hellenistic-Roman	Qumran, Cave 4	Mezuzah	0	0	0	0	0	0	1001	4Q155	1	279	249	0	0	
4Q156	square	Aramaic	Parchment	Hasmonean	Qumran, Cave 4	Translation of Scripture	3	3	2	2	2	2	91	4Q156	2	160	110	2	160	4Q156
4Q157	square	Aramaic	Parchment	Herodian	Qumran, Cave 4	Translation of Scripture	2	2	1	1	0	1	92	4Q157	2	91	64	2	91	4Q157
4Q158	square	Hebrew	Parchment	Herodian	Qumran, Cave 4	Scripture?	21	21	17	17	16	17	93	4Q158	12	1373	1241	12	1373	4Q158
4Q159	square	Hebrew	Parchment	Herodian	Qumran, Cave 4	Parabiblical Texts	8	7	8	8	6	8	94	4Q159	8	747	693	7	744	4Q159
4Q16	square	Hebrew	Parchment	Hasmonean	Qumran, Cave 4	Scripture	2	2	2	2	2	2	855	4Q16	1	133	108	1	133	4Q16
4Q160	square	Hebrew	Parchment	Hasmonean	Qumran, Cave 4	Parabiblical Texts	12	12	9	9	7	9	95	4Q160	8	454	421	8	454	4Q160
4Q161	square	Hebrew	Parchment	Herodian	Qumran, Cave 4	Pesher	13	13	13	13	13	13	96	4Q161	5	715	642	5	715	4Q161
4Q162	square	Hebrew	Parchment	Herodian	Qumran, Cave 4	Pesher	0	0	0	0	0	0	97	4Q162	3	514	504	0	0	
4Q163	square	Hebrew	Papyrus	Hasmonean	Qumran, Cave 4	Pesher	55	55	35	35	33	35	98	4Q163	53	1743	1386	38	1023	4Q163
4Q164	square	Hebrew	Parchment	Hasmonean	Qumran, Cave 4	Pesher	3	3	3	3	3	3	99	4Q164	3	208	200	3	208	4Q164
4Q165	square	Hebrew	Parchment	Herodian	Qumran, Cave 4	Pesher	12	12	11	11	11	11	100	4Q165	9	282	236	9	282	4Q165
4Q166	square	Hebrew	Parchment	Herodian	Qumran, Cave 4	Pesher	1	1	1	1	1	1	101	4Q166	2	520	499	1	106	4Q166
4Q167	square	Hebrew	Parchment	Herodian	Qumran, Cave 4	Pesher	36	36	32	32	29	32	102	4Q167	34	469	392	31	456	4Q167
4Q168	square	Hebrew	Parchment	Herodian	Qumran, Cave 4	Pesher?	2	2	2	2	2	2	103	4Q168	4	39	28	2	34	4Q168
4Q169	square	Hebrew	Parchment	Herodian	Qumran, Cave 4	Pesher	4	4	3	3	2	3	104	4Q169	6	1924	1829	6	1924	4Q169
4Q17	square	Hebrew	Parchment	Early Hellenistic	Qumran, Cave 4	Scripture	6	6	5	5	2	5	856	4Q17	7	876	595	6	868	4Q17
4Q170	square	Hebrew	Parchment	Hellenistic-Roman	Qumran, Cave 4	Pesher	0	0	0	0	0	0	105	4Q170	1	31	27	0	0	
4Q171	square	Hebrew	Parchment	Herodian	Qumran, Cave 4	Pesher	6	6	6	6	5	6	106	4Q171	7	1996	1823	2	1055	4Q171
4Q172	square	Hebrew	Parchment	Hellenistic-Roman	Qumran, Cave 4	Pesher	0	0	0	0	0	0	107	4Q172	14	177	137	0	0	
4Q173	square	Hebrew	Parchment		Qumran, Cave 4	Other	6	6	5	5	5	5	108	4Q173	5	149	118	5	149	4Q173
4Q174	square	Hebrew	Parchment	Herodian	Qumran, Cave 4	Pesher	27	27	26	26	25	26	109	4Q174	23	1435	1320	22	1431	4Q174
4Q175	square	Hebrew	Parchment	Herodian	Qumran, Cave 4	Exegetical Texts	0	0	0	0	0	0	110	4Q175	1	948	945	0	0	
4Q176	square	Hebrew	Parchment	Hasmonean	Qumran, Cave 4	Parabiblical Texts	48	47	46	43	35	43	111	4Q176	48	1380	1224	42	1269	4Q176
4Q177	square	Hebrew	Parchment	Herodian	Qumran, Cave 4	Exegetical Texts	29	29	8	8	6	8	114	4Q177	25	1850	1656	10	640	4Q177
4Q178	square	Hebrew	Parchment	Herodian	Qumran, Cave 4	Exegetical Texts	15	15	13	13	12	13	115	4Q178	13	202	184	13	202	4Q178
4Q179	square	Hebrew	Parchment	Herodian	Qumran, Cave 4	Parabiblical Texts	8	8	7	7	5	7	116	4Q179	6	668	604	6	668	4Q179
4Q18	square	Hebrew	Parchment	Hasmonean	Qumran, Cave 4	Scripture	1	1	1	1	1	1	857	4Q18	1	48	39	1	48	4Q18
4Q180	square	Hebrew	Parchment	Herodian	Qumran, Cave 4	Pesher	6	6	3	3	2	3	117	4Q180	4	350	285	4	350	4Q180
4Q181	square	Hebrew	Parchment	Herodian	Qumran, Cave 4	Pesher	4	3	4	4	4	4	118	4Q181	3	348	324	3	348	4Q181
4Q182	square	Hebrew	Parchment	Herodian	Qumran, Cave 4	Pesher	2	2	2	2	2	2	119	4Q182	2	81	71	2	81	4Q182
4Q183	square	Hebrew	Parchment	Hellenistic-Roman	Qumran, Cave 4	Exegetical Texts	2	2	2	2	0	2	120	4Q183	4	147	142	4	147	4Q183
4Q184	square	Hebrew	Parchment	Hellenistic-Roman	Qumran, Cave 4	Sapiential Texts	7	6	6	6	6	6	121	4Q184	6	971	886	5	908	4Q184
4Q185	square	Hebrew	Parchment	Hasmonean	Qumran, Cave 4	Sapiential Texts	8	8	6	6	3	6	122	4Q185	8	951	832	8	951	4Q185
4Q186	square	Hebrew	Parchment	Herodian	Qumran, Cave 4	Other	9	8	6	6	2	6	123	4Q186	7	560	523	7	560	4Q186
4Q19	square	Hebrew	Parchment	Herodian	Qumran, Cave 4	Scripture	1	1	1	1	1	1	858	4Q19	1	31	23	1	31	4Q19
4Q196	square	Aramaic	Papyrus	Hasmonean	Qumran, Cave 4	Apocrypha	55	55	53	53	53	53	124	4Q196	51	1543	1229	41	986	4Q196
4Q197	square	Aramaic	Parchment	Herodian	Qumran, Cave 4	Apocrypha	15	15	14	14	14	14	125	4Q197	9	1292	1083	7	580	4Q197
4Q198	square	Aramaic	Parchment	Hasmonean	Qumran, Cave 4	Apocrypha	3	3	2	2	2	2	126	4Q198	2	174	147	2	174	4Q198
4Q199	square	Aramaic	Parchment	Hasmonean	Qumran, Cave 4	Apocrypha	2	2	2	2	2	2	127	4Q199	2	24	21	2	24	4Q199
4Q2	square	Hebrew	Parchment	Roman	Qumran, Cave 4	Scripture	0	0	0	0	0	0	839	4Q2	6	1261	959	0	0	
4Q20	square	Hebrew	Parchment	Herodian	Qumran, Cave 4	Scripture	2	2	2	2	2	2	859	4Q20	6	39	24	1	30	4Q20
4Q200	square	Hebrew	Parchment	Herodian	Qumran, Cave 4	Apocrypha	12	12	11	11	10	11	128	4Q200	11	867	712	10	809	4Q200
4Q201	square	Aramaic	Parchment	Hasmonean	Qumran, Cave 4	Parabiblical Texts	23	23	23	23	23	23	129	4Q201	13	1180	936	8	134	4Q201
4Q202	square	Aramaic	Parchment	Hasmonean	Qumran, Cave 4	Parabiblical Texts	33	33	29	29	27	29	130	4Q202	5	492	356	5	492	4Q202
4Q203	square	Aramaic	Parchment	Herodian	Qumran, Cave 4	Parabiblical Texts	3	3	3	3	3	3	131	4Q203	17	620	470	3	252	4Q203
4Q204	square	Aramaic	Parchment	Herodian	Qumran, Cave 4	Parabiblical Texts	27	26	21	21	21	20	132	4Q204	11	1758	1424	2	256	4Q204
4Q205	square	Aramaic	Parchment	Herodian	Qumran, Cave 4	Parabiblical Texts	9	9	8	8	8	8	133	4Q205	5	317	197	2	181	4Q205
4Q206	square	Aramaic	Parchment		Qumran, Cave 4	Parabiblical Texts	15	15	15	15	14	15	134	4Q206	12	929	792	5	283	4Q206
4Q207	square	Aramaic	Parchment	Hellenistic-Roman	Qumran, Cave 4	Parabiblical Texts	1	1	1	1	1	1	135	4Q207	1	58	39	1	58	4Q207
4Q208	square	Aramaic	Parchment	Early Hellenistic	Qumran, Cave 4	Parabiblical Texts	37	37	36	36	33	36	136	4Q208	38	666	478	38	666	4Q208
4Q209	square	Aramaic	Parchment	Herodian	Qumran, Cave 4	Parabiblical Texts	27	27	26	26	24	26	137	4Q209	46	2602	2292	29	1680	4Q209
4Q21	square	Hebrew	Parchment	Roman	Qumran, Cave 4	Scripture	1	1	1	1	1	1	860	4Q21	1	30	19	1	30	4Q21
4Q210	square	Aramaic	Parchment	Hasmonean	Qumran, Cave 4	Parabiblical Texts	5	5	5	5	5	5	138	4Q210	2	469	432	1	354	4Q210
4Q211	square	Aramaic	Parchment	Hasmonean	Qumran, Cave 4	Parabiblical Texts	2	2	2	2	2	2	139	4Q211	3	238	206	1	88	4Q211
4Q212	square	Aramaic	Parchment	Hasmonean	Qumran, Cave 4	Parabiblical Texts	6	6	5	5	5	4	140	4Q212	5	832	717	1	2	4Q212
4Q213	square	Aramaic	Parchment	Hasmonean	Qumran, Cave 4	Parabiblical Texts	10	9	10	7	7	5	141	4Q213	6	712	599	5	478	4Q213,4Q213a
4Q213a	square	Aramaic	Parchment	Hasmonean	Qumran, Cave 4	Parabiblical Texts	8	7	3	3	1	3	142	4Q213a	6	512	463	3	307	4Q213a
4Q214	square	Aramaic	Parchment	Hasmonean	Qumran, Cave 4	Parabiblical Texts	6	6	4	3	3	0	144	4Q214	5	173	129	3	45	4Q214a,4Q214b
4Q215	square	Hebrew	Parchment	Herodian	Qumran, Cave 4	Parabiblical Texts	1	1	1	1	1	1	147	4Q215	1	361	331	1	361	4Q215
4Q215a	square	Hebrew	Parchment	Herodian	Qumran, Cave 4	Other	8	7	5	5	3	4	148	4Q215a	5	432	341	5	432	4Q215a
4Q216	square	Hebrew	Parchment	Hasmonean	Qumran, Cave 4	Parabiblical Texts	17	17	16	16	16	16	149	4Q216	6	1033	853	2	401	4Q216
4Q217	square	Hebrew	Papyrus	Hasmonean	Qumran, Cave 4	Parabiblical Texts	17	17	14	14	14	14	150	4Q217	12	169	106	12	169	4Q217
4Q218	square	Hebrew	Parchment	Herodian	Qumran, Cave 4	Parabiblical Texts	1	1	1	1	1	1	151	4Q218	1	64	40	1	64	4Q218
4Q219	square	Hebrew	Parchment	Hasmonean	Qumran, Cave 4	Parabiblical Texts	9	9	2	2	2	2	152	4Q219	2	569	455	2	569	4Q219
4Q22	excluded: Paleo-Hebrew script	Hebrew	Parchment	Hasmonean	Qumran, Cave 4	Scripture	191	188	132	132	128	130	861	4Q22	43	6167	4843	32	5097	4Q22
4Q220	square	Hebrew	Parchment	Herodian	Qumran, Cave 4	Parabiblical Texts	0	0	0	0	0	0	153	4Q220	1	268	222	0	0	
4Q221	square	Hebrew	Parchment	Herodian	Qumran, Cave 4	Parabiblical Texts	22	22	21	21	20	21	154	4Q221	19	614	473	19	614	4Q221
4Q222	square	Hebrew	Parchment	Hasmonean	Qumran, Cave 4	Parabiblical Texts	6	6	6	6	6	6	155	4Q222	6	183	141	6	183	4Q222
4Q223	square	Hebrew	Papyrus	Hasmonean	Qumran, Cave 4	Parabiblical Texts	0	0	0	0	0	0			0	0	0	0	0	
4Q224	square	Hebrew	Papyrus	Hasmonean	Qumran, Cave 4	Parabiblical Texts	0	0	0	0	0	0			0	0	0	0	0	
4Q225	square	Hebrew	Parchment	Herodian	Qumran, Cave 4	Parabiblical Texts	5	5	4	4	3	4	157	4Q225	5	752	634	4	485	4Q225
4Q226	square	Hebrew	Parchment	Herodian	Qumran, Cave 4	Parabiblical Texts	15	15	14	14	14	14	158	4Q226	15	402	331	13	370	4Q226
4Q227	square	Hebrew	Parchment	Herodian	Qumran, Cave 4	Parabiblical Texts	2	2	2	2	2	2	159	4Q227	2	139	122	2	139	4Q227
4Q228	square	Hebrew	Parchment	Herodian	Qumran, Cave 4	Parabiblical Texts	8	7	8	8	8	8	160	4Q228	6	230	176	4	188	4Q228
4Q23	square	Hebrew	Parchment	Hasmonean	Qumran, Cave 4	Scripture	104	102	102	102	93	101	862	4Q23	70	3493	2619	68	3486	4Q23
4Q230	square	Hebrew	Parchment	Hellenistic-Roman	Qumran, Cave 4	Unidentified Text	12	12	0	0	0	0	1071	4Q230	13	191	148	0	0	
4Q234	square	Hebrew	Parchment	Herodian	Qumran, Cave 4	Scribal Exercise	1	1	0	0	0	0	161	4Q234	3	18	18	0	0	
4Q238	square	Hebrew	Parchment	Herodian	Qumran, Cave 4	Other	1	1	0	0	0	0	163	4Q238	1	46	40	0	0	
4Q24	square	Hebrew	Parchment	Hasmonean	Qumran, Cave 4	Scripture	25	24	24	23	12	22	863	4Q24	10	1961	1390	9	1661	4Q24
4Q242	square	Aramaic	Parchment	Hasmonean	Qumran, Cave 4	Other	3	3	2	2	2	2	164	4Q242	2	238	209	2	238	4Q242
4Q243	square	Aramaic	Parchment	Herodian	Qumran, Cave 4	Parabiblical Texts	38	38	38	38	36	38	165	4Q243	43	663	533	40	634	4Q243
4Q244	square	Aramaic	Parchment	Herodian	Qumran, Cave 4	Parabiblical Texts	16	16	15	15	15	15	166	4Q244	13	230	183	13	230	4Q244
4Q245	square	Aramaic	Parchment	Herodian	Qumran, Cave 4	Parabiblical Texts	5	5	4	4	3	4	167	4Q245	5	133	100	5	133	4Q245
4Q246	square	Aramaic	Parchment	Herodian	Qumran, Cave 4	Parabiblical Texts	1	1	0	0	0	0	168	4Q246	2	413	395	0	0	
4Q247	square	Hebrew	Parchment	Herodian	Qumran, Cave 4	Parabiblical Texts	1	1	0	0	0	0	169	4Q247	1	59	49	0	0	
4Q248	square	Hebrew	Parchment	Herodian	Qumran, Cave 4	Historical Texts	1	1	0	0	0	0	170	4Q248	1	144	112	0	0	
4Q249	excluded: Cryptic A script	Hebrew	Papyrus	Early Hellenistic	Qumran, Cave 4	Other	240	239	226	226	223	18	171	4Q249	16	219	127	211	901	4Q249,4Q249e,4Q249f,4Q249h,4Q249k,4Q249l,4Q249m,4Q249n,4Q249o,4Q249p,4Q249u,4Q249v,4Q249w,4Q249x,4Q249y,4Q249z
4Q25	square	Hebrew	Parchment	Hellenistic-Roman	Qumran, Cave 4	Scripture	12	12	10	10	9	10	864	4Q25	10	359	295	8	347	4Q25
4Q250	excluded: Cryptic A script	Hebrew	Papyrus	Early Hellenistic	Qumran, Cave 4	Poetical/Liturgical Texts	20	20	19	19	19	0	198	4Q250	1	37	28	13	42	4Q250a,4Q250b,4Q250c,4Q250h,4Q250j
4Q251	square	Hebrew	Parchment	Herodian	Qumran, Cave 4	Legal Texts	27	27	26	26	24	26	209	4Q251	24	975	798	24	975	4Q251
4Q252	square	Hebrew	Parchment	Herodian	Qumran, Cave 4	Exegetical Texts	7	7	6	6	6	6	210	4Q252	6	1807	1715	6	1807	4Q252
4Q253	square	Hebrew	Parchment		Qumran, Cave 4	Exegetical Texts	4	4	4	4	4	4	211	4Q253	3	96	85	3	96	4Q253
4Q254	square	Hebrew	Parchment	Herodian	Qumran, Cave 4	Exegetical Texts	17	17	17	17	17	17	213	4Q254	16	309	238	16	309	4Q254
4Q254a-820	square	Hebrew	Parchment	Herodian	Qumran, Cave 4	Exegetical Texts	3	3	3	3	3	3	214	4Q254a	2	139	120	2	139	4Q254a
4Q255	square	Hebrew	Papyrus	Hasmonean	Qumran, Cave 4	Sectarian Texts	10	0	10	10	10	10	215	4Q255	4	269	176	4	269	4Q255
4Q256	square	Hebrew	Parchment	Herodian	Qumran, Cave 4	Sectarian Texts	16	15	8	8	8	8	216	4Q256	9	880	698	2	143	4Q256
4Q257	square	Hebrew	Papyrus	Hasmonean	Qumran, Cave 4	Sectarian Texts	7	7	7	7	7	7	217	4Q257	7	452	309	4	329	4Q257
4Q258	square	Hebrew	Parchment	Herodian	Qumran, Cave 4	Sectarian Texts	13	13	12	12	12	11	218	4Q258	11	2323	2201	6	1012	4Q258
4Q259	square	Hebrew	Parchment	Herodian	Qumran, Cave 4	Sectarian Texts	21	21	17	17	17	17	219	4Q259	4	933	681	3	851	4Q259
4Q26	square	Hebrew	Parchment	Hellenistic-Roman	Qumran, Cave 4	Scripture	21	21	16	16	16	6	865	4Q26	4	333	195	14	767	4Q26,4Q26a,4Q26b
4Q260	square	Hebrew	Parchment	Herodian	Qumran, Cave 4	Sectarian Texts	6	6	6	6	6	6	220	4Q260	5	485	382	5	485	4Q260
4Q261	square	Hebrew	Parchment	Herodian	Qumran, Cave 4	Sectarian Texts	19	19	18	18	18	18	221	4Q261	9	255	124	9	255	4Q261
4Q262	square	Hebrew	Parchment	Herodian	Qumran, Cave 4	Sectarian Texts	3	3	3	3	3	3	222	4Q262	3	121	95	3	121	4Q262
4Q263	square	Hebrew	Parchment	Herodian	Qumran, Cave 4	Sectarian Texts	1	1	0	0	0	0	223	4Q263	1	59	41	0	0	
4Q264	square	Hebrew	Parchment	Herodian	Qumran, Cave 4	Sectarian Texts	1	1	1	1	1	1	224	4Q264	1	178	138	1	178	4Q264
4Q264a-110	square	Hebrew	Parchment	Herodian	Qumran, Cave 4	Legal Texts	4	4	3	3	3	3	225	4Q264a	2	192	165	2	192	4Q264a
4Q265	square	Hebrew	Parchment	Herodian	Qumran, Cave 4	Sectarian Texts	24	24	23	23	21	23	226	4Q265	23	1049	909	20	1017	4Q265
4Q266	square	Hebrew	Parchment	Hasmonean	Qumran, Cave 4	Sectarian Texts	181	180	178	172	172	171	227	4Q266	109	5504	4588	101	5125	4Q266
4Q267	square	Hebrew	Parchment	Herodian	Qumran, Cave 4	Sectarian Texts	40	40	38	38	33	38	228	4Q267	25	1294	903	24	1288	4Q267
4Q268	square	Hebrew	Parchment	Herodian	Qumran, Cave 4	Sectarian Texts	8	8	8	8	8	8	229	4Q268	3	335	271	3	335	4Q268
4Q269	square	Hebrew	Parchment	Herodian	Qumran, Cave 4	Sectarian Texts	13	13	13	13	11	13	230	4Q269	19	603	437	11	352	4Q269
4Q27	square	Hebrew	Parchment	Herodian	Qumran, Cave 4	Scripture	118	115	103	103	96	103	868	4Q27	52	5144	4093	45	4692	4Q27
4Q270	square	Hebrew	Parchment	Herodian	Qumran, Cave 4	Sectarian Texts	76	74	59	59	56	57	231	4Q270	23	2517	1957	22	2514	4Q270
4Q271	square	Hebrew	Parchment	Herodian	Qumran, Cave 4	Sectarian Texts	13	13	8	8	2	8	232	4Q271	7	1811	1592	5	1474	4Q271
4Q272	square	Hebrew	Parchment	Herodian	Qumran, Cave 4	Sectarian Texts	16	16	15	15	2	15	233	4Q272	4	425	345	4	425	4Q272
4Q273	square	Hebrew	Papyrus	Herodian	Qumran, Cave 4	Sectarian Texts	14	14	12	12	8	12	234	4Q273	10	268	190	10	268	4Q273
4Q274	square	Hebrew	Parchment	Herodian	Qumran, Cave 4	Legal Texts	6	6	0	0	0	0	235	4Q274	6	1122	987	0	0	
4Q275	square	Hebrew	Parchment	Herodian	Qumran, Cave 4	Sectarian Texts	3	3	3	3	3	3	236	4Q275	3	188	157	3	188	4Q275
4Q276	square	Hebrew	Parchment	Herodian	Qumran, Cave 4	Legal Texts	1	1	0	0	0	0	237	4Q276	1	146	119	0	0	
4Q277	square	Hebrew	Parchment	Herodian	Qumran, Cave 4	Legal Texts	5	5	4	4	1	4	238	4Q277	3	348	258	3	348	4Q277
4Q278	square	Hebrew	Parchment	Roman	Qumran, Cave 4	Legal Texts	1	1	0	0	0	0	239	4Q278	1	54	42	0	0	
4Q279	square	Hebrew	Parchment	Herodian	Qumran, Cave 4	Other	5	5	5	5	5	5	240	4Q279	5	139	115	5	139	4Q279
4Q28	square	Hebrew	Parchment	Hasmonean	Qumran, Cave 4	Scripture	0	0	0	0	0	0	869	4Q28	1	318	282	0	0	
4Q280	square	Hebrew	Parchment	Hasmonean	Qumran, Cave 4	Poetical/Liturgical Texts	3	3	3	3	3	3	241	4Q280	3	210	179	3	210	4Q280
4Q281	square	Hebrew	Parchment	Hasmonean	Qumran, Cave 4	Unidentified Text	7	7	7	0	0	0	242		0	0	0	0	0	
4Q282	square	Hebrew	Parchment	Hellenistic-Roman	Qumran, Cave 4	Unidentified Text	22	22	20	0	0	0	243		0	0	0	0	0	
4Q284	square	Hebrew	Parchment	Herodian	Qumran, Cave 4	Poetical/Liturgical Texts	0	0	0	0	0	0	244	4Q284	11	391	293	0	0	
4Q284a-679	square	Hebrew	Parchment	Hasmonean	Qumran, Cave 4	Legal Texts	4	4	4	4	4	4	245	4Q284a	4	197	169	4	197	4Q284a
4Q285	square	Hebrew	Parchment	Herodian	Qumran, Cave 4	Sectarian Texts	13	13	13	13	13	13	246	4Q285	10	537	408	10	537	4Q285
4Q286	square	Hebrew	Parchment	Herodian	Qumran, Cave 4	Poetical/Liturgical Texts	26	25	24	23	23	22	247	4Q286	23	1640	1365	19	606	4Q286
4Q287	square	Hebrew	Parchment	Herodian	Qumran, Cave 4	Poetical/Liturgical Texts	11	11	11	11	11	11	248	4Q287	10	560	486	10	560	4Q287
4Q288	square	Hebrew	Parchment	Herodian	Qumran, Cave 4	Poetical/Liturgical Texts	3	3	3	3	3	3	249	4Q288	3	91	78	3	91	4Q288
4Q289	square	Hebrew	Parchment	Herodian	Qumran, Cave 4	Poetical/Liturgical Texts	3	3	3	3	3	3	250	4Q289	3	122	96	3	122	4Q289
4Q29	square	Hebrew	Parchment	Hasmonean	Qumran, Cave 4	Scripture	7	7	5	5	4	5	870	4Q29	6	597	449	3	539	4Q29
4Q290	square	Hebrew	Parchment	Herodian	Qumran, Cave 4	Poetical/Liturgical Texts	1	1	1	1	1	1	251	4Q290	1	21	18	1	21	4Q290
4Q291	square	Hebrew	Parchment	Hasmonean	Qumran, Cave 4	Poetical/Liturgical Texts	4	4	3	3	3	3	252	4Q291	3	147	115	3	147	4Q291
4Q292	square	Hebrew	Parchment	Herodian	Qumran, Cave 4	Poetical/Liturgical Texts	2	2	2	2	2	2	253	4Q292	2	76	66	2	76	4Q292
4Q293	square	Hebrew	Parchment	Herodian	Qumran, Cave 4	Poetical/Liturgical Texts	1	1	1	1	1	1	254	4Q293	3	62	50	1	11	4Q293
4Q294	square	Hebrew	Parchment	Herodian	Qumran, Cave 4	Sectarian Texts	1	1	1	1	1	1	255	4Q294	1	20	15	1	20	4Q294
4Q298	excluded: Cryptic A script	Hebrew	Parchment	Herodian	Qumran, Cave 4	Sapiential Texts	11	11	7	7	3	7	256	4Q298	10	435	352	9	431	4Q298
4Q299	square	Hebrew	Parchment	Herodian	Qumran, Cave 4	Sapiential Texts	95	95	95	95	93	95	257	4Q299	109	2822	2222	97	1990	4Q299
4Q3	square	Hebrew	Parchment	Herodian	Qumran, Cave 4	Scripture	3	2	0	0	0	0	840	4Q3	2	392	349	0	0	
4Q30	square	Hebrew	Parchment	Hasmonean	Qumran, Cave 4	Scripture	66	66	62	62	56	62	871	4Q30	50	1755	1409	45	1461	4Q30
4Q300	square	Hebrew	Parchment	Herodian	Qumran, Cave 4	Sapiential Texts	16	16	15	15	13	15	258	4Q300	16	737	622	16	737	4Q300
4Q301	square	Hebrew	Parchment	Herodian	Qumran, Cave 4	Sapiential Texts	12	12	12	12	12	12	259	4Q301	11	602	512	11	602	4Q301
4Q302	square	Hebrew	Papyrus	Herodian	Qumran, Cave 4	Sapiential Texts?	18	18	18	18	17	18	260	4Q302	29	581	457	19	263	4Q302
4Q303	square	Hebrew	Parchment	Herodian	Qumran, Cave 4	Sapiential Texts	2	2	0	0	0	0	261	4Q303	1	142	136	0	0	
4Q304	square	Hebrew	Parchment	Hasmonean	Qumran, Cave 4	Sapiential Texts	1	1	0	0	0	0	262	4Q304	1	22	22	0	0	
4Q305	square	Hebrew	Parchment	Hellenistic-Roman	Qumran, Cave 4	Sapiential Texts	1	1	0	0	0	0	263	4Q305	2	34	28	0	0	
4Q306	square	Hebrew	Parchment	Hasmonean	Qumran, Cave 4	Other	4	4	3	3	3	3	264	4Q306	3	216	183	3	216	4Q306
4Q307	square	Hebrew	Parchment	Herodian	Qumran, Cave 4	Other	7	7	7	7	7	7	265	4Q307	9	126	118	7	112	4Q307
4Q31	square	Hebrew	Parchment	Hasmonean	Qumran, Cave 4	Scripture	1	1	1	1	1	1	872	4Q31	2	843	710	1	218	4Q31
4Q313	excluded: Cryptic A script	Hebrew	Parchment	Hellenistic-Roman	Qumran, Cave 4	Unidentified Text	3	3	3	3	3	3	266	4Q313	2	16	7	2	16	4Q313
4Q317	excluded: Cryptic A script	Hebrew	Parchment	Hellenistic-Roman	Qumran, Cave 4	Calendrical Texts	76	76	64	64	59	64	269	4Q317	72	1375	1010	68	1029	4Q317
4Q318	square	Aramaic	Parchment	Herodian	Qumran, Cave 4	Calendrical Texts	5	5	4	4	3	4	270	4Q318	8	321	292	5	9	4Q318
4Q319	square	Hebrew	Parchment	Herodian	Qumran, Cave 4	Calendrical Texts	34	34	26	26	23	26	271	4Q319	58	1296	1034	29	1101	4Q319
4Q32	square	Hebrew	Parchment	Herodian	Qumran, Cave 4	Scripture	9	9	9	9	5	9	873	4Q32	7	415	319	7	415	4Q32
4Q320	square	Hebrew	Parchment	Hasmonean	Qumran, Cave 4	Calendrical Texts	3	3	3	3	1	3	272	4Q320	18	1029	872	5	443	4Q320
4Q321	square	Hebrew	Parchment	Herodian	Qumran, Cave 4	Calendrical Texts	19	16	19	19	19	17	273	4Q321	7	1617	1240	2	470	4Q321
4Q321a-190	square	Hebrew	Parchment	Herodian	Qumran, Cave 4	Calendrical Texts	7	7	7	7	7	7	274	4Q321a	5	348	290	1	182	4Q321a
4Q322	square	Hebrew	Parchment		Qumran, Cave 4	Historical Texts	5	5	2	2	2	0	275	4Q322	2	65	44	2	65	4Q322
4Q323	square	Hebrew	Parchment	Herodian	Qumran, Cave 4	Calendrical Texts	1	1	0	0	0	0	277	4Q323	1	40	30	0	0	
4Q324	excluded: language ''		Parchment	Herodian	Qumran, Cave 4	Other	83	83	46	46	45	5	278	4Q324	2	99	86	30	246	4Q324,4Q324b,4Q324c,4Q324d,4Q324h,4Q324i
4Q325	square	Hebrew	Parchment	Herodian	Qumran, Cave 4	Calendrical Texts	2	2	2	2	2	2	288	4Q325	3	252	226	2	69	4Q325
4Q326	square	Hebrew	Parchment	Herodian	Qumran, Cave 4	Calendrical Texts	1	1	0	0	0	0	289	4Q326	1	48	39	0	0	
4Q328	square	Hebrew	Parchment	Herodian	Qumran, Cave 4	Calendrical Texts	1	1	0	0	0	0	290	4Q328	1	88	81	0	0	
4Q329	square	Hebrew	Parchment		Qumran, Cave 4	Calendrical Texts	2	2	2	2	2	1	291	4Q329	2	90	69	2	114	4Q329,4Q329a
4Q33	square	Hebrew	Parchment	Hasmonean	Qumran, Cave 4	Scripture	40	40	37	37	36	37	874	4Q33	22	1205	930	18	1176	4Q33
4Q330	square	Hebrew	Parchment	Herodian	Qumran, Cave 4	Calendrical Texts	4	4	0	0	0	0	293	4Q330	4	77	60	0	0	
4Q331	square	Hebrew	Papyrus	Hasmonean	Qumran, Cave 4	Historical Texts	0	0	0	0	0	0	294	4Q331	11	91	64	0	0	
4Q332	square	Hebrew	Parchment		Qumran, Cave 4	Other	4	4	3	3	3	0	295	4Q332	3	148	106	3	148	4Q332
4Q333	square	Hebrew	Parchment	Herodian	Qumran, Cave 4	Historical Texts	0	0	0	0	0	0	297	4Q333	2	56	45	0	0	
4Q334	square	Hebrew	Parchment	Herodian	Qumran, Cave 4	Calendrical Texts	7	7	6	3	2	3	298	4Q334	6	138	97	4	27	4Q334
4Q337	square	Hebrew	Parchment	Herodian	Qumran, Cave 4	Calendrical Texts	1	1	0	0	0	0	299	4Q337	1	15	13	0	0	
4Q338	square	Hebrew?	Parchment	Hellenistic-Roman	Qumran, Cave 4	Other	2	0	0	0	0	0	300	4Q338	2	8	8	0	0	
4Q339	square	Aramaic	Parchment	Herodian	Qumran, Cave 4	Other	1	1	0	0	0	0	301	4Q339	1	64	43	0	0	
4Q34	square	Hebrew	Parchment	Herodian	Qumran, Cave 4	Scripture	11	11	11	11	11	11	875	4Q34	9	435	345	7	316	4Q34
4Q340	square	Hebrew	Parchment	Herodian	Qumran, Cave 4	Other	2	2	0	0	0	0	302	4Q340	1	41	36	0	0	
4Q341	excluded: Greek script	Hebrew	Parchment	Hellenistic-Roman	Qumran, Cave 4	Scribal Exercise	1	1	0	0	0	0	303	4Q341	1	149	144	0	0	
4Q342	square	Aramaic	Parchment	Herodian	Qumran, Cave 4	Alleged Qumran Documents	1	1	0	0	0	0	304	4Q342	1	39	33	0	0	
4Q343	excluded: Nabatean script	Nabatean	Parchment	Hasmonean	Qumran, Cave 4	Alleged Qumran Documents	4	3	2	2	2	2	305	4Q343	2	118	81	1	81	4Q343
4Q344	square	Aramaic	Parchment	Roman	Qumran, Cave 4	Alleged Qumran Documents	1	1	0	0	0	0	306	4Q344	1	82	53	0	0	
4Q345	square	Aramaic?	Parchment	Herodian	Qumran, Cave 4	Alleged Qumran Documents	2	1	0	0	0	0	307	4Q345	2	76	49	0	0	
4Q346	square	Aramaic?	Parchment		Qumran, Cave 4	Unidentified Text	8	8	6	6	6	5	308	4Q346	5	47	44	6	58	4Q346,4Q346a
4Q347	square	Aramaic	Papyrus	Hellenistic-Roman	Qumran, Cave 4	Alleged Qumran Documents	0	0	0	0	0	0	310	4Q347	1	28	17	0	0	
4Q348	square	Hebrew?	Parchment	Herodian	Qumran, Cave 4	Alleged Qumran Documents	2	1	0	0	0	0	311	4Q348	1	144	105	0	0	
4Q35	square	Hebrew	Parchment	Herodian	Qumran, Cave 4	Scripture	14	14	14	14	14	14	876	4Q35	8	1343	1190	6	1225	4Q35
4Q350	excluded: Greek script	Greek	Parchment	Hellenistic-Roman	Qumran, Cave 4	Other	1	0	0	0	0	0	1072		0	0	0	0	0	
4Q351	square	Aramaic	Parchment	Herodian	Qumran, Cave 4	Alleged Qumran Documents	1	1	0	0	0	0	312	4Q351	2	11	11	0	0	
4Q352	square	Hebrew?	Papyrus	Hellenistic-Roman	Qumran, Cave 4	Alleged Qumran Documents	0	0	0	0	0	0	313	4Q352	3	11	11	0	0	
4Q353	square	Aramaic?	Papyrus	Hellenistic-Roman	Qumran, Cave 4	Alleged Qumran Documents	0	0	0	0	0	0	315	4Q353	1	1	1	0	0	
4Q354	square	Aramaic?	Parchment	Hellenistic-Roman	Qumran, Cave 4	Alleged Qumran Documents	1	1	0	0	0	0	316	4Q354	1	0	0	0	0	
4Q355	square	Aramaic?	Parchment	Hellenistic-Roman	Qumran, Cave 4	Alleged Qumran Documents	2	0	0	0	0	0	1073		0	0	0	0	0	
4Q356	square	Aramaic?	Parchment	Hellenistic-Roman	Qumran, Cave 4	Alleged Qumran Documents	1	1	0	0	0	0	317	4Q356	1	11	7	0	0	
4Q357	square	Aramaic?	Parchment	Hellenistic-Roman	Qumran, Cave 4	Alleged Qumran Documents	1	1	0	0	0	0	318	4Q357	1	1	1	0	0	
4Q358	square	Hebrew?	Papyrus	Hellenistic-Roman	Qumran, Cave 4	Alleged Qumran Documents	0	0	0	0	0	0	319	4Q358	1	2	2	0	0	
4Q359	square	Hebrew?	Papyrus	Herodian	Qumran, Cave 4	Alleged Qumran Documents	0	0	0	0	0	0	320	4Q359	2	11	10	0	0	
4Q36	square	Hebrew	Parchment	Hasmonean	Qumran, Cave 4	Scripture	6	6	6	6	4	6	877	4Q36	7	328	241	7	328	4Q36
4Q360	square	Hebrew	Parchment		Qumran, Cave 4	Other	1	1	1	0	0	0	321	4Q360	3	25	25	0	0	
4Q363	excluded: Cryptic C script	Hebrew	Parchment	Hellenistic-Roman	Qumran, Cave 4	Unidentified Text	21	21	0	0	0	0	1076		0	0	0	0	0	
4Q364	square	Hebrew	Parchment	Herodian	Qumran, Cave 4	Parabiblical Texts?	98	98	96	96	88	96	323	4Q364	79	2724	2140	77	2710	4Q364
4Q365	square	Hebrew	Parchment		Qumran, Cave 4	Legal Texts?	74	71	65	65	58	60	324	4Q365	69	4495	3554	38	3840	4Q365,4Q365a
4Q366	square	Hebrew	Parchment	Herodian	Qumran, Cave 4	Parabiblical Texts?	5	5	5	5	4	5	326	4Q366	6	521	427	6	521	4Q366
4Q367	square	Hebrew	Parchment	Hasmonean	Qumran, Cave 4	Parabiblical Texts?	7	7	7	7	7	7	327	4Q367	4	442	358	4	442	4Q367
4Q368	square	Hebrew	Parchment	Herodian	Qumran, Cave 4	Parabiblical Texts	14	14	14	14	14	14	328	4Q368	11	721	518	10	636	4Q368
4Q369	square	Hebrew	Parchment	Herodian	Qumran, Cave 4	Poetical/Liturgical Texts	8	8	8	8	6	8	329	4Q369	10	558	491	8	547	4Q369
4Q37	square	Hebrew	Parchment	Herodian	Qumran, Cave 4	Scripture	38	38	14	14	13	14	878	4Q37	21	1025	790	15	830	4Q37
4Q370	square	Hebrew	Parchment	Hasmonean	Qumran, Cave 4	Parabiblical Texts	3	2	0	0	0	0	330	4Q370	2	487	433	0	0	
4Q371	square	Hebrew	Parchment	Hasmonean	Qumran, Cave 4	Parabiblical Texts	12	12	12	12	12	12	331	4Q371	10	276	233	10	276	4Q371
4Q372	square	Hebrew	Parchment	Hasmonean	Qumran, Cave 4	Poetical/Liturgical Texts	25	25	23	23	23	23	332	4Q372	26	1993	1774	20	1943	4Q372
4Q373	square	Hebrew	Parchment	Hasmonean	Qumran, Cave 4	Poetical/Liturgical Texts	2	2	2	2	2	2	333	4Q373	2	124	121	1	117	4Q373
4Q374	square	Hebrew	Parchment	Hasmonean	Qumran, Cave 4	Parabiblical Texts	17	17	17	17	15	17	334	4Q374	18	482	414	18	482	4Q374
4Q375	square	Hebrew	Parchment	Herodian	Qumran, Cave 4	Parabiblical Texts	2	2	1	1	0	1	335	4Q375	2	388	350	2	388	4Q375
4Q376	square	Hebrew	Parchment	Herodian	Qumran, Cave 4	Parabiblical Texts	1	1	1	1	0	1	336	4Q376	4	248	204	3	243	4Q376
4Q377	square	Hebrew	Parchment	Hasmonean	Qumran, Cave 4	Parabiblical Texts	4	3	4	4	4	4	337	4Q377	7	781	602	3	210	4Q377
4Q378	square	Hebrew	Parchment	Herodian	Qumran, Cave 4	Parabiblical Texts	29	29	28	28	21	28	338	4Q378	36	1231	1060	34	1140	4Q378
4Q379	square	Hebrew	Parchment	Hasmonean	Qumran, Cave 4	Parabiblical Texts	23	23	23	23	20	23	339	4Q379	44	1345	1037	24	700	4Q379
4Q38	square	Hebrew	Parchment	Herodian	Qumran, Cave 4	Scripture	17	17	17	17	17	5	879	4Q38	5	439	361	14	808	4Q38,4Q38a
4Q380	square	Hebrew	Parchment	Hasmonean	Qumran, Cave 4	Poetical/Liturgical Texts	8	8	7	7	4	7	340	4Q380	9	402	339	8	348	4Q380
4Q381	square	Hebrew	Parchment	Hasmonean	Qumran, Cave 4	Poetical/Liturgical Texts	98	98	91	88	86	88	341	4Q381	107	3938	3360	84	3424	4Q381
4Q382	square	Hebrew	Parchment	Hasmonean	Qumran, Cave 4	Parabiblical Texts	150	150	101	101	101	101	342	4Q382	154	1859	1170	101	1672	4Q382
4Q383	square	Hebrew	Parchment	Herodian	Qumran, Cave 4	Parabiblical Texts	5	5	5	5	5	5	343	4Q383	9	223	183	4	115	4Q383
4Q384	square	Hebrew	Papyrus	Herodian	Qumran, Cave 4	Parabiblical Texts	0	0	0	0	0	0	344	4Q384	31	316	208	0	0	
4Q385	square	Hebrew	Parchment		Qumran, Cave 4	Parabiblical Texts	62	62	41	41	41	8	345	4Q385	6	850	787	25	1939	4Q385,4Q385a,4Q385b
4Q386	square	Hebrew	Parchment	Herodian	Qumran, Cave 4	Parabiblical Texts	2	2	2	2	1	2	349	4Q386	5	482	457	4	478	4Q386
4Q387	square	Hebrew	Parchment	Herodian	Qumran, Cave 4	Parabiblical Texts	19	19	14	14	14	14	350	4Q387	8	875	768	6	594	4Q387
4Q388	square	Hebrew	Parchment		Qumran, Cave 4	Parabiblical Texts	17	17	10	10	8	4	352	4Q388	8	197	163	11	285	4Q388,4Q388a
4Q389	square	Hebrew	Parchment	Herodian	Qumran, Cave 4	Parabiblical Texts	21	21	18	18	13	18	354	4Q389	15	622	558	14	601	4Q389
4Q38b	square	Hebrew	Parchment	Herodian	Qumran, Cave 4	Scripture	1	1	0	0	0	0	881	4Q38b	1	37	20	0	0	
4Q38c	square	Hebrew	Parchment	Herodian	Qumran, Cave 4	Scripture	2	2	0	0	0	0	1610	4Q38c	2	36	31	0	0	
4Q38d	square	Hebrew	Parchment	Herodian	Qumran, Cave 4	Scripture	1	1	0	0	0	0	1611	4Q38d	1	41	32	0	0	
4Q39	square	Hebrew	Parchment	Hasmonean	Qumran, Cave 4	Scripture	9	9	9	9	7	9	882	4Q39	8	125	81	8	125	4Q39
4Q390	square	Hebrew	Parchment	Herodian	Qumran, Cave 4	Parabiblical Texts	10	10	9	9	9	9	355	4Q390	9	899	832	8	891	4Q390
4Q391	square	Hebrew	Papyrus	Hasmonean	Qumran, Cave 4	Parabiblical Texts	53	53	25	25	25	25	356	4Q391	78	979	719	25	286	4Q391
4Q392	square	Hebrew	Parchment	Herodian	Qumran, Cave 4	Poetical/Liturgical Texts	11	11	10	10	10	10	357	4Q392	8	580	433	7	577	4Q392
4Q393	square	Hebrew	Parchment	Herodian	Qumran, Cave 4	Poetical/Liturgical Texts	9	9	9	9	8	9	358	4Q393	9	637	499	9	637	4Q393
4Q394	square	Hebrew	Parchment	Herodian	Qumran, Cave 4	Calendrical Texts	18	17	16	16	6	16	359	4Q394	12	1164	908	8	740	4Q394
4Q395	square	Hebrew	Parchment	Herodian	Qumran, Cave 4	Legal Texts	3	3	0	0	0	0	360	4Q395	1	90	61	0	0	
4Q396	square	Hebrew	Parchment	Herodian	Qumran, Cave 4	Legal Texts	4	3	4	4	0	4	361	4Q396	4	791	684	4	791	4Q396
4Q397	square	Hebrew	Parchment	Herodian	Qumran, Cave 4	Legal Texts	11	11	8	8	8	8	362	4Q397	8	716	513	4	327	4Q397
4Q398	square	Hebrew	Papyrus	Herodian	Qumran, Cave 4	Sectarian Texts	0	0	0	0	0	0	363	4Q398	11	687	521	0	0	
4Q399	square	Hebrew	Parchment	Herodian	Qumran, Cave 4	Sectarian Texts	2	1	2	2	0	2	364	4Q399	2	67	54	2	67	4Q399
4Q4	square	Hebrew	Parchment	Hasmonean	Qumran, Cave 4	Scripture	0	0	0	0	0	0	841	4Q4	1	249	190	0	0	
4Q40	square	Hebrew	Parchment	Herodian	Qumran, Cave 4	Scripture	4	4	4	4	4	4	883	4Q40	3	255	201	3	255	4Q40
4Q400	square	Hebrew	Parchment	Hasmonean (period)	Qumran, Cave 4	Poetical/Liturgical Texts	8	7	7	7	3	7	365	4Q400	9	1214	1131	9	1214	4Q400
4Q401	square	Hebrew	Parchment	Herodian	Qumran, Cave 4	Poetical/Liturgical Texts	37	37	37	37	35	37	366	4Q401	38	787	650	36	774	4Q401
4Q402	square	Hebrew	Parchment	Herodian	Qumran, Cave 4	Poetical/Liturgical Texts	15	15	15	15	14	15	367	4Q402	13	496	420	13	496	4Q402
4Q403	square	Hebrew	Parchment	Herodian	Qumran, Cave 4	Poetical/Liturgical Texts	5	5	4	4	3	3	368	4Q403	4	2833	2462	4	2833	4Q403
4Q404	square	Hebrew	Parchment	Herodian	Qumran, Cave 4	Poetical/Liturgical Texts	28	28	28	28	28	28	369	4Q404	25	466	374	23	353	4Q404
4Q405	square	Hebrew	Parchment	Hasmonean	Qumran, Cave 4	Poetical/Liturgical Texts	102	100	85	85	82	84	370	4Q405	91	4158	3477	58	2885	4Q405
4Q406	square	Hebrew	Parchment	Hellenistic-Roman	Qumran, Cave 4	Poetical/Liturgical Texts	3	3	3	3	3	3	371	4Q406	5	70	45	3	59	4Q406
4Q407	square	Hebrew	Parchment	Hasmonean	Qumran, Cave 4	Poetical/Liturgical Texts	2	2	2	2	2	2	372	4Q407	2	36	27	2	36	4Q407
4Q408	square	Hebrew	Parchment	Hasmonean	Qumran, Cave 4	Parabiblical Texts	0	0	0	0	0	0	373	4Q408	17	434	308	0	0	
4Q409	square	Hebrew	Parchment	Herodian	Qumran, Cave 4	Poetical/Liturgical Texts	1	1	0	0	0	0	374	4Q409	5	170	152	0	0	
4Q41	square	Hebrew	Parchment	Herodian	Qumran, Cave 4	Scripture	5	4	0	0	0	0	884	4Q41	6	2027	1995	0	0	
4Q410	square	Hebrew	Parchment	Herodian	Qumran, Cave 4	Sapiential Texts?	4	4	4	4	4	4	375	4Q410	4	185	154	4	185	4Q410
4Q411	square	Hebrew	Parchment	Herodian	Qumran, Cave 4	Sapiential Texts	1	1	0	0	0	0	376	4Q411	2	123	103	0	0	
4Q412	square	Hebrew	Parchment	Herodian	Qumran, Cave 4	Sapiential Texts	5	5	4	4	4	4	377	4Q412	4	235	173	4	235	4Q412
4Q413	square	Hebrew	Parchment	Herodian	Qumran, Cave 4	Sapiential Texts	2	2	0	0	0	0	378	4Q413	1	145	132	0	0	
4Q414	square	Hebrew	Parchment	Herodian	Qumran, Cave 4	Poetical/Liturgical Texts	39	0	36	36	33	36	379	4Q414	36	659	559	36	659	4Q414
4Q415	square	Hebrew	Parchment	Herodian	Qumran, Cave 4	Sapiential Texts	41	41	32	32	30	32	380	4Q415	33	858	660	31	733	4Q415
4Q416	square	Hebrew	Parchment	Herodian	Qumran, Cave 4	Sapiential Texts	25	25	21	21	18	21	381	4Q416	23	2606	2263	23	2606	4Q416
4Q417	square	Hebrew	Parchment	Herodian	Qumran, Cave 4	Sapiential Texts	35	34	31	31	24	31	382	4Q417	31	2586	2034	31	2586	4Q417
4Q418	square	Hebrew	Parchment		Qumran, Cave 4	Other	314	313	302	302	284	281	383	4Q418	306	8543	6838	297	7353	4Q418,4Q418a,4Q418b,4Q418c
4Q419	square	Hebrew	Parchment	Hasmonean	Qumran, Cave 4	Sapiential Texts	11	11	11	11	10	11	387	4Q419	12	416	330	11	408	4Q419
4Q42	square	Hebrew	Parchment	Hasmonean	Qumran, Cave 4	Scripture	15	15	14	14	14	14	885	4Q42	9	295	222	9	295	4Q42
4Q420	square	Hebrew	Parchment	Herodian	Qumran, Cave 4	Sapiential Texts	7	7	6	6	5	6	388	4Q420	8	303	251	6	283	4Q420
4Q421	square	Hebrew	Parchment	Herodian	Qumran, Cave 4	Sapiential Texts	17	17	17	11	10	11	389	4Q421	14	597	479	11	501	4Q421
4Q422	square	Hebrew	Parchment	Hasmonean	Qumran, Cave 4	Parabiblical Texts	25	25	16	16	16	16	390	4Q422	26	914	753	16	830	4Q422
4Q423	square	Hebrew	Parchment	Herodian	Qumran, Cave 4	Sapiential Texts	29	29	29	27	26	27	391	4Q423	26	978	775	25	786	4Q423
4Q424	square	Hebrew	Parchment	Herodian	Qumran, Cave 4	Sapiential Texts	6	6	5	5	5	5	392	4Q424	5	823	772	5	823	4Q424
4Q425	square	Hebrew	Parchment	Herodian	Qumran, Cave 4	Sapiential Texts	5	5	5	5	4	5	393	4Q425	5	265	182	5	265	4Q425
4Q426	square	Hebrew	Parchment	Hasmonean	Qumran, Cave 4	Sapiential Texts	14	14	13	13	12	13	394	4Q426	15	513	403	14	511	4Q426
4Q427	square	Hebrew	Parchment	Herodian	Qumran, Cave 4	Poetical/Liturgical Texts	24	24	21	21	19	21	395	4Q427	25	1728	1473	21	666	4Q427
4Q428	square	Hebrew	Parchment	Hasmonean	Qumran, Cave 4	Poetical/Liturgical Texts	70	70	65	65	65	65	396	4Q428	66	1130	887	49	1044	4Q428
4Q429	square	Hebrew	Parchment	Herodian	Qumran, Cave 4	Poetical/Liturgical Texts	11	11	11	11	5	11	397	4Q429	8	510	402	8	510	4Q429
4Q43	square	Hebrew	Parchment	Hasmonean	Qumran, Cave 4	Scripture	3	3	3	3	2	3	886	4Q43	2	61	38	2	61	4Q43
4Q430	square	Hebrew	Parchment	Herodian	Qumran, Cave 4	Poetical/Liturgical Texts	1	1	0	0	0	0	398	4Q430	1	81	46	0	0	
4Q431	square	Hebrew	Parchment	Herodian	Qumran, Cave 4	Poetical/Liturgical Texts	1	1	1	1	1	1	399	4Q431	2	304	267	1	204	4Q431
4Q432	square	Hebrew	Papyrus	Herodian	Qumran, Cave 4	Poetical/Liturgical Texts	34	34	34	34	34	34	400	4Q432	24	428	298	21	417	4Q432
4Q433	square	Hebrew	Parchment	Herodian	Qumran, Cave 4	Poetical/Liturgical Texts	3	3	3	3	3	3	401	4Q433	3	151	119	3	151	4Q433
4Q433a-177	square	Hebrew	Papyrus	Hasmonean	Qumran, Cave 4	Poetical/Liturgical Texts	10	10	10	10	10	10	402	4Q433a	4	405	334	4	405	4Q433a
4Q434	square	Hebrew	Parchment	Herodian	Qumran, Cave 4	Poetical/Liturgical Texts	17	16	12	12	12	12	403	4Q434	15	1203	1065	9	343	4Q434
4Q435	square	Hebrew	Parchment	Herodian	Qumran, Cave 4	Poetical/Liturgical Texts	5	5	5	5	4	5	404	4Q435	6	171	141	6	171	4Q435
4Q436	square	Hebrew	Parchment	Herodian	Qumran, Cave 4	Poetical/Liturgical Texts	4	4	4	4	4	4	405	4Q436	3	536	506	2	122	4Q436
4Q437	square	Hebrew	Parchment	Herodian	Qumran, Cave 4	Poetical/Liturgical Texts	15	14	12	12	12	11	406	4Q437	11	725	616	9	661	4Q437
4Q438	square	Hebrew	Parchment	Herodian	Qumran, Cave 4	Poetical/Liturgical Texts	0	0	0	0	0	0	407	4Q438	12	393	290	0	0	
4Q439	square	Hebrew	Parchment	Herodian	Qumran, Cave 4	Poetical/Liturgical Texts	2	2	2	2	1	2	408	4Q439	2	165	145	2	165	4Q439
4Q44	square	Hebrew	Parchment	Herodian	Qumran, Cave 4	Scripture	0	0	0	0	0	0	887	4Q44	3	188	151	0	0	
4Q440	square	Hebrew	Parchment	Herodian	Qumran, Cave 4	Poetical/Liturgical Texts	4	4	4	4	3	4	409	4Q440	4	269	241	4	269	4Q440
4Q440a	square	Hebrew	Parchment	Herodian	Qumran, Cave 4	Poetical/Liturgical Texts	0	0	0	0	0	0	410	4Q440a	1	60	44	0	0	
4Q440b	square	Hebrew	Parchment	Herodian	Qumran, Cave 4	Other	1	1	1	1	1	1	411	4Q440b	1	31	18	1	31	4Q440b
4Q441	square	Hebrew	Parchment	Hasmonean	Qumran, Cave 4	Poetical/Liturgical Texts	1	1	0	0	0	0	412	4Q441	1	24	17	0	0	
4Q442	square	Hebrew	Parchment	Herodian	Qumran, Cave 4	Poetical/Liturgical Texts	1	1	0	0	0	0	413	4Q442	1	36	33	0	0	
4Q443	square	Hebrew	Parchment	Hasmonean	Qumran, Cave 4	Poetical/Liturgical Texts	12	12	12	12	10	12	414	4Q443	15	347	272	14	345	4Q443
4Q444	square	Hebrew	Parchment	Hasmonean	Qumran, Cave 4	Poetical/Liturgical Texts	3	3	3	3	2	3	415	4Q444	3	230	182	3	230	4Q444
4Q445	square	Hebrew	Parchment	Herodian	Qumran, Cave 4	Poetical/Liturgical Texts	0	0	0	0	0	0	416	4Q445	8	129	90	0	0	
4Q446	square	Hebrew	Parchment	Herodian	Qumran, Cave 4	Poetical/Liturgical Texts	0	0	0	0	0	0	417	4Q446	3	149	102	0	0	
4Q447	square	Hebrew	Parchment	Herodian	Qumran, Cave 4	Poetical/Liturgical Texts	1	1	1	1	1	1	418	4Q447	1	17	13	1	17	4Q447
4Q448	square	Hebrew	Parchment	Hasmonean	Qumran, Cave 4	Poetical/Liturgical Texts	2	1	2	2	0	2	419	4Q448	3	238	197	3	238	4Q448
4Q449	square	Hebrew	Parchment	Herodian	Qumran, Cave 4	Poetical/Liturgical Texts	2	2	2	2	2	2	420	4Q449	3	111	88	2	89	4Q449
4Q450	square	Hebrew	Parchment	Hasmonean	Qumran, Cave 4	Poetical/Liturgical Texts	1	1	1	1	1	1	421	4Q450	2	46	34	1	41	4Q450
4Q451	square	Hebrew	Parchment	Hasmonean	Qumran, Cave 4	Poetical/Liturgical Texts	1	1	0	0	0	0	422	4Q451	1	50	38	0	0	
4Q452	square	Hebrew	Parchment	Herodian	Qumran, Cave 4	Poetical/Liturgical Texts	1	1	0	0	0	0	423	4Q452	1	18	14	0	0	
4Q453	square	Hebrew	Parchment	Hellenistic-Roman	Qumran, Cave 4	Poetical/Liturgical Texts	1	1	0	0	0	0	424	4Q453	1	11	9	0	0	
4Q454	square	Hebrew	Parchment	Herodian	Qumran, Cave 4	Poetical/Liturgical Texts	1	1	0	0	0	0	425	4Q454	1	34	23	0	0	
4Q455	square	Hebrew	Parchment	Hasmonean	Qumran, Cave 4	Sapiential Texts?	1	1	0	0	0	0	426	4Q455	1	34	25	0	0	
4Q456	square	Hebrew	Parchment	Hellenistic-Roman	Qumran, Cave 4	Poetical/Liturgical Texts	2	2	2	2	2	2	427	4Q456	2	34	21	2	34	4Q456
4Q457	square	Hebrew	Parchment	Hasmonean	Qumran, Cave 4	Poetical/Liturgical Texts	2	2	2	2	0	0			0	0	0	4	194	4Q457a,4Q457b
4Q458	square	Hebrew	Parchment	Hasmonean	Qumran, Cave 4	Other	19	19	19	19	18	19	430	4Q458	20	355	285	20	355	4Q458
4Q459	square	Hebrew	Parchment	Herodian	Qumran, Cave 4	Other	2	2	2	2	2	2	431	4Q459	2	54	49	2	54	4Q459
4Q460	square	Hebrew	Parchment	Herodian	Qumran, Cave 4	Poetical/Liturgical Texts	7	7	7	7	6	7	432	4Q460	11	593	519	8	578	4Q460
4Q461	square	Hebrew	Parchment	Hasmonean	Qumran, Cave 4	Other	5	5	5	5	4	5	433	4Q461	6	190	156	6	190	4Q461
4Q462	square	Hebrew	Parchment	Herodian	Qumran, Cave 4	Other	6	6	6	6	6	6	434	4Q462	7	450	413	6	446	4Q462
4Q463	square	Hebrew	Parchment	Herodian	Qumran, Cave 4	Other	2	2	2	2	2	2	435	4Q463	4	167	145	2	153	4Q463
4Q464	square	Hebrew	Parchment		Qumran, Cave 4	Other	12	12	12	12	10	11	436	4Q464	13	343	285	14	379	4Q464,4Q464a
4Q465	square	Hebrew	Papyrus	Hellenistic-Roman	Qumran, Cave 4	Parabiblical Texts?	1	1	0	0	0	0	439	4Q465	1	25	15	0	0	
4Q466	square	Hebrew	Parchment	Hellenistic-Roman	Qumran, Cave 4	Other	1	1	0	0	0	0	440	4Q466	1	28	25	0	0	
4Q467	square	Hebrew	Parchment	Hellenistic-Roman	Qumran, Cave 4	Other	3	3	0	0	0	0	441	4Q467	1	34	30	0	0	
4Q468	square	Hebrew	Parchment	Hellenistic-Roman	Qumran, Cave 4	Other	27	27	14	14	14	0	1077		0	0	0	14	252	4Q468a,4Q468b,4Q468c,4Q468j,4Q468l,4Q468m,4Q468n,4Q468o,4Q468p,4Q468r,4Q468s,4Q468u
4Q468e	square	Hebrew	Parchment	Roman	Qumran, Cave 4	Other	1	1	0	0	0	0	445	4Q468e	1	28	24	0	0	
4Q469	square	Hebrew	Parchment	Herodian	Qumran, Cave 4	Poetical/Liturgical Texts?	10	10	10	10	10	10	470	4Q469	10	126	81	10	126	4Q469
4Q47	square	Hebrew	Parchment	Hasmonean	Qumran, Cave 4	Scripture	16	16	16	16	14	16	890	4Q47	6	865	696	6	865	4Q47
4Q470	square	Hebrew	Parchment	Herodian	Qumran, Cave 4	Parabiblical Texts	3	3	3	3	3	3	471	4Q470	3	186	167	3	186	4Q470
4Q471	square	Hebrew	Parchment		Qumran, Cave 4	Other	10	10	6	6	6	3	472	4Q471	3	224	169	6	428	4Q471,4Q471a,4Q471c
4Q472	square	Hebrew	Parchment		Qumran, Cave 4	Other	3	3	3	3	3	2	476	4Q472	2	138	116	3	169	4Q472,4Q472a
4Q473	square	Hebrew	Parchment	Herodian	Qumran, Cave 4	Sapiential Texts	2	2	2	2	2	2	478	4Q473	2	103	85	2	103	4Q473
4Q474	square	Hebrew	Parchment	Herodian	Qumran, Cave 4	Parabiblical Texts	1	1	0	0	0	0	479	4Q474	1	156	94	0	0	
4Q475	square	Hebrew	Parchment	Herodian	Qumran, Cave 4	Other	0	0	0	0	0	0	480	4Q475	1	171	137	0	0	
4Q476	square	Hebrew	Parchment	Herodian	Qumran, Cave 4	Other	3	3	3	3	2	3	481	4Q476	4	116	91	4	116	4Q476
4Q477	square	Hebrew	Parchment	Herodian	Qumran, Cave 4	Sectarian Texts	5	5	5	5	5	5	483	4Q477	4	240	216	4	240	4Q477
4Q478	square	Hebrew	Papyrus	Herodian	Qumran, Cave 4	Other	1	1	0	0	0	0	484	4Q478	1	31	28	0	0	
4Q479	square	Hebrew	Parchment	Hasmonean	Qumran, Cave 4	Parabiblical Texts	3	3	3	3	3	3	485	4Q479	3	73	58	3	73	4Q479
4Q48	square	Hebrew	Parchment	Hasmonean	Qumran, Cave 4	Scripture	7	7	7	7	6	7	891	4Q48	6	403	286	6	403	4Q48
4Q480	square	Hebrew	Parchment	Herodian	Qumran, Cave 4	Other	1	1	0	0	0	0	486	4Q480	2	41	33	0	0	
4Q481	square	Hebrew	Parchment	Herodian	Qumran, Cave 4	Poetical/Liturgical Texts	12	12	7	7	5	2	487	4Q481	2	41	36	7	230	4Q481,4Q481a,4Q481c,4Q481d
4Q482	square	Hebrew	Papyrus	Herodian	Qumran, Cave 4	Parabiblical Texts	16	16	8	8	8	8	493	4Q482	8	83	59	8	83	4Q482
4Q483	square	Hebrew	Papyrus	Herodian	Qumran, Cave 4	Scripture?	0	0	0	0	0	0	494	4Q483	3	19	19	0	0	
4Q484	square	Hebrew	Papyrus	Herodian	Qumran, Cave 4	Parabiblical Texts	46	46	46	46	46	46	495	4Q484	20	57	21	20	57	4Q484
4Q485	square	Hebrew	Papyrus	Hasmonean	Qumran, Cave 4	Other	0	0	0	0	0	0	496	4Q485	5	78	48	0	0	
4Q486	square	Hebrew	Papyrus	Hasmonean	Qumran, Cave 4	Sapiential Texts?	0	0	0	0	0	0	497	4Q486	1	25	16	0	0	
4Q487	square	Hebrew	Papyrus	Hasmonean	Qumran, Cave 4	Sapiential Texts?	54	54	37	37	37	37	498	4Q487	54	643	500	37	225	4Q487
4Q488	square	Aramaic	Papyrus	Herodian	Qumran, Cave 4	Other	0	0	0	0	0	0	499	4Q488	6	25	7	0	0	
4Q489	square	Aramaic	Papyrus	Herodian	Qumran, Cave 4	Other	0	0	0	0	0	0	500	4Q489	8	34	19	0	0	
4Q49	square	Hebrew	Parchment	Herodian	Qumran, Cave 4	Scripture	1	1	0	0	0	0	892	4Q49	1	166	152	0	0	
4Q490	square	Aramaic	Papyrus	Herodian	Qumran, Cave 4	Unidentified Text	0	0	0	0	0	0	501	4Q490	16	32	12	0	0	
4Q491	square	Hebrew	Parchment	Herodian	Qumran, Cave 4	Sectarian Texts	35	34	31	31	28	31	502	4Q491	33	3719	3115	29	2638	4Q491
4Q492	square	Hebrew	Parchment	Herodian	Qumran, Cave 4	Sectarian Texts	4	3	4	4	4	3	503	4Q492	3	317	244	3	317	4Q492
4Q493	square	Hebrew	Parchment	Herodian	Qumran, Cave 4	Sectarian Texts	1	1	0	0	0	0	504	4Q493	1	454	376	0	0	
4Q494	square	Hebrew	Parchment	Herodian	Qumran, Cave 4	Sectarian Texts	1	1	0	0	0	0	505	4Q494	1	87	78	0	0	
4Q495	square	Hebrew	Parchment	Hasmonean	Qumran, Cave 4	Sectarian Texts	2	2	2	2	2	2	506	4Q495	2	44	34	2	44	4Q495
4Q496	square	Hebrew	Papyrus	Hasmonean	Qumran, Cave 4	Sectarian Texts	115	0	96	96	96	96	507	4Q496	99	734	329	93	716	4Q496
4Q497	square	Hebrew	Parchment	Hasmonean	Qumran, Cave 4	Sectarian Texts	54	0	47	47	46	47	508	4Q497	48	238	120	48	238	4Q497
4Q498	square	Hebrew	Papyrus	Herodian	Qumran, Cave 4	Sapiential Texts?	15	15	0	0	0	0	509	4Q498	17	102	65	0	0	
4Q499	square	Hebrew	Papyrus	Hasmonean	Qumran, Cave 4	Poetical/Liturgical Texts	54	54	53	53	53	53	510	4Q499	52	338	176	51	337	4Q499
4Q5	square	Hebrew	Parchment	Herodian	Qumran, Cave 4	Scripture	11	11	10	10	9	10	842	4Q5	8	541	452	8	541	4Q5
4Q50	square	Hebrew	Parchment	Herodian	Qumran, Cave 4	Scripture	3	3	0	0	0	0	893	4Q50	2	192	97	0	0	
4Q500	square	Hebrew	Papyrus	Herodian	Qumran, Cave 4	Poetical/Liturgical Texts	0	0	0	0	0	0	511	4Q500	7	89	70	0	0	
4Q501	square	Hebrew	Parchment	Herodian	Qumran, Cave 4	Poetical/Liturgical Texts	1	1	0	0	0	0	512	4Q501	1	309	297	0	0	
4Q502	square	Hebrew	Papyrus	Hasmonean	Qumran, Cave 4	Poetical/Liturgical Texts	342	342	334	334	333	334	513	4Q502	335	2581	1787	323	2520	4Q502
4Q503	square	Hebrew	Papyrus	Hasmonean	Qumran, Cave 4	Poetical/Liturgical Texts	220	220	129	129	125	129	514	4Q503	190	3188	2454	112	1993	4Q503
4Q504	square	Hebrew	Parchment	Herodian	Qumran, Cave 4	Poetical/Liturgical Texts	41	40	38	38	33	38	515	4Q504	57	4046	3403	47	3937	4Q504
4Q505	square	Hebrew	Papyrus	Hasmonean	Qumran, Cave 4	Poetical/Liturgical Texts	10	10	9	9	9	9	516	4Q505	10	178	121	9	165	4Q505
4Q506	square	Hebrew	Papyrus	Herodian	Qumran, Cave 4	Poetical/Liturgical Texts	61	0	12	12	12	12	517	4Q506	47	329	179	11	145	4Q506
4Q507	square	Hebrew	Parchment	Herodian	Qumran, Cave 4	Poetical/Liturgical Texts	4	4	3	3	3	3	518	4Q507	3	86	64	3	86	4Q507
4Q508	square	Hebrew	Parchment	Herodian	Qumran, Cave 4	Poetical/Liturgical Texts	41	41	40	40	40	40	519	4Q508	41	654	465	39	648	4Q508
4Q509	square	Hebrew	Papyrus	Hasmonean	Qumran, Cave 4	Poetical/Liturgical Texts	302	302	295	295	279	295	520	4Q509	302	2740	1618	297	2709	4Q509
4Q51	square	Hebrew	Parchment		Qumran, Cave 4	Scripture	332	331	299	296	291	296	894	4Q51	108	8710	6877	102	7967	4Q51
4Q510	square	Hebrew	Parchment	Herodian	Qumran, Cave 4	Poetical/Liturgical Texts	13	13	12	12	12	12	521	4Q510	12	481	446	11	116	4Q510
4Q511	square	Hebrew	Parchment	Herodian	Qumran, Cave 4	Poetical/Liturgical Texts	224	222	205	205	154	204	522	4Q511	205	4496	3461	195	4277	4Q511
4Q512	square	Hebrew	Papyrus	Hasmonean	Qumran, Cave 4	Poetical/Liturgical Texts	220	0	97	97	95	97	523	4Q512	181	2088	1485	93	944	4Q512
4Q513	square	Hebrew	Parchment	Hasmonean	Qumran, Cave 4	Legal Texts	44	44	43	43	40	43	524	4Q513	45	782	606	44	758	4Q513
4Q514	square	Hebrew	Parchment	Hasmonean	Qumran, Cave 4	Legal Texts	4	3	4	4	2	4	525	4Q514	4	331	284	4	331	4Q514
4Q515	square	Hebrew	Papyrus	Hasmonean	Qumran, Cave 4	Unidentified Text	0	0	0	0	0	0	526	4Q515	24	82	31	0	0	
4Q516	square	Hebrew	Papyrus	Herodian	Qumran, Cave 4	Unidentified Text	0	0	0	0	0	0	527	4Q516	9	25	14	0	0	
4Q517	square	Hebrew	Papyrus	Hellenistic-Roman	Qumran, Cave 4	Unidentified Text	45	45	45	45	45	45	528	4Q517	87	292	149	45	132	4Q517
4Q518	square	Hebrew	Papyrus	Hellenistic-Roman	Qumran, Cave 4	Unidentified Text	0	0	0	0	0	0	529	4Q518	36	129	66	0	0	
4Q519	square	Hebrew	Papyrus	Hellenistic-Roman	Qumran, Cave 4	Unidentified Text	0	0	0	0	0	0	530	4Q519	46	116	40	0	0	
4Q51a-588	excluded: language 'Unidentified'	Unidentified	Papyrus	Herodian	Qumran, Cave 4	Other	2	2	0	0	0	0	1078		0	0	0	0	0	
4Q52	square	Hebrew	Parchment	Early Hellenistic	Qumran, Cave 4	Scripture	21	21	20	20	20	20	897	4Q52	9	1092	985	9	1092	4Q52
4Q520	square	Hebrew	Papyrus	Hellenistic-Roman	Qumran, Cave 4	Unidentified Text	0	0	0	0	0	0	531	4Q520	40	143	75	0	0	
4Q521	square	Hebrew	Parchment	Hasmonean	Qumran, Cave 4	Other	19	19	14	14	12	14	532	4Q521	16	910	786	14	788	4Q521
4Q522	square	Hebrew	Parchment	Hasmonean	Qumran, Cave 4	Parabiblical Texts	27	27	20	20	19	20	533	4Q522	22	978	801	20	867	4Q522
4Q523	square	Hebrew	Parchment	Hasmonean	Qumran, Cave 4	Other	6	6	5	5	5	5	534	4Q523	4	120	93	4	120	4Q523
4Q524	square	Hebrew	Parchment	Hasmonean	Qumran, Cave 4	Parabiblical Texts	24	24	23	23	23	23	535	4Q524	25	493	391	11	452	4Q524
4Q525	square	Hebrew	Parchment	Herodian	Qumran, Cave 4	Poetical/Liturgical Texts	24	22	21	21	15	20	536	4Q525	54	2876	2454	20	1595	4Q525
4Q526	square	Hebrew	Parchment	Hasmonean	Qumran, Cave 4	Parabiblical Texts	1	1	0	0	0	0	537	4Q526	1	23	22	0	0	
4Q527	square	Hebrew	Parchment	Hasmonean	Qumran, Cave 4	Poetical/Liturgical Texts	1	1	0	0	0	0	538	4Q527	1	33	23	0	0	
4Q528	square	Hebrew	Parchment	Hasmonean	Qumran, Cave 4	Poetical/Liturgical Texts	1	1	0	0	0	0	539	4Q528	1	76	49	0	0	
4Q529	square	Aramaic	Parchment	Hasmonean	Qumran, Cave 4	Other	1	1	1	1	1	1	540	4Q529	3	344	313	1	324	4Q529
4Q53	square	Hebrew	Parchment	Hasmonean	Qumran, Cave 4	Scripture	14	14	13	13	11	13	898	4Q53	7	997	823	7	997	4Q53
4Q530	square	Aramaic	Parchment	Hasmonean	Qumran, Cave 4	Parabiblical Texts	15	15	15	10	7	10	541	4Q530	15	1166	969	11	424	4Q530
4Q531	square	Aramaic	Parchment	Hasmonean	Qumran, Cave 4	Parabiblical Texts	21	21	16	16	16	16	542	4Q531	50	1454	1116	16	792	4Q531
4Q532	square	Aramaic	Parchment	Hasmonean	Qumran, Cave 4	Parabiblical Texts	2	2	2	2	1	2	543	4Q532	3	190	143	3	190	4Q532
4Q533	square	Aramaic	Parchment	Hasmonean	Qumran, Cave 4	Parabiblical Texts	6	6	5	5	3	5	544	4Q533	9	139	91	7	125	4Q533
4Q534	square	Aramaic	Parchment	Herodian	Qumran, Cave 4	Parabiblical Texts	5	5	3	3	3	3	545	4Q534	7	668	507	3	277	4Q534
4Q535	square	Aramaic	Parchment	Herodian	Qumran, Cave 4	Parabiblical Texts	5	5	4	4	4	4	546	4Q535	3	135	108	3	135	4Q535
4Q536	square	Aramaic	Parchment	Herodian	Qumran, Cave 4	Parabiblical Texts	4	3	4	4	2	3	547	4Q536	4	372	333	3	370	4Q536
4Q537	square	Aramaic	Parchment	Herodian	Qumran, Cave 4	Parabiblical Texts	28	28	25	25	25	25	548	4Q537	23	671	542	21	661	4Q537
4Q538	square	Aramaic	Parchment	Hasmonean	Qumran, Cave 4	Parabiblical Texts	4	4	4	0	0	0	549	4Q538	3	205	200	0	0	
4Q539	square	Aramaic	Parchment	Hasmonean	Qumran, Cave 4	Parabiblical Texts	5	5	5	5	5	5	550	4Q539	4	193	150	4	193	4Q539
4Q54	square	Hebrew	Parchment	Herodian	Qumran, Cave 4	Scripture	10	10	8	8	7	8	899	4Q54	8	466	413	8	466	4Q54
4Q540	square	Aramaic	Parchment	Hasmonean	Qumran, Cave 4	Parabiblical Texts	3	3	3	3	3	3	551	4Q540	3	147	132	3	147	4Q540
4Q541	square	Aramaic	Parchment	Hasmonean	Qumran, Cave 4	Parabiblical Texts	26	25	25	25	18	25	552	4Q541	31	1128	936	28	1117	4Q541
4Q542	square	Aramaic	Parchment	Hasmonean	Qumran, Cave 4	Parabiblical Texts	4	3	4	4	2	3	553	4Q542	5	1053	1007	4	1046	4Q542
4Q543	square	Aramaic	Parchment	Hasmonean	Qumran, Cave 4	Parabiblical Texts	49	49	47	47	47	47	554	4Q543	42	663	505	39	639	4Q543
4Q544	square	Aramaic	Parchment	Hasmonean	Qumran, Cave 4	Parabiblical Texts	4	3	4	4	4	3	555	4Q544	3	539	484	3	539	4Q544
4Q545	square	Aramaic	Parchment	Hasmonean	Qumran, Cave 4	Parabiblical Texts	17	16	13	13	10	12	556	4Q545	13	807	631	13	807	4Q545
4Q546	square	Aramaic	Parchment	Hasmonean	Qumran, Cave 4	Parabiblical Texts	26	26	25	25	24	25	557	4Q546	27	638	401	26	637	4Q546
4Q547	square	Aramaic	Parchment	Hasmonean	Qumran, Cave 4	Parabiblical Texts	11	11	10	10	9	10	558	4Q547	9	471	378	9	471	4Q547
4Q548	square	Aramaic	Parchment	Hasmonean	Qumran, Cave 4	Parabiblical Texts	3	3	3	3	2	3	559	4Q548	3	328	272	3	328	4Q548
4Q549	square	Aramaic	Parchment	Hasmonean	Qumran, Cave 4	Parabiblical Texts	2	2	2	2	2	2	560	4Q549	2	153	132	2	153	4Q549
4Q55	square	Hebrew	Parchment	Hasmonean	Qumran, Cave 4	Scripture	18	18	15	15	14	15	900	4Q55	12	1389	1150	11	1040	4Q55
4Q550	square	Aramaic	Parchment	Hasmonean	Qumran, Cave 4	Parabiblical Texts	25	24	2	2	2	1	561	4Q550	11	1233	1018	1	262	4Q550
4Q551	square	Aramaic	Parchment	Hasmonean	Qumran, Cave 4	Parabiblical Texts	3	3	1	1	1	1	567	4Q551	4	171	131	1	108	4Q551
4Q552	square	Aramaic	Parchment	Hasmonean	Qumran, Cave 4	Parabiblical Texts	4	4	2	2	2	2	568	4Q552	6	444	375	2	45	4Q552
4Q553	square	Aramaic	Parchment	Hasmonean	Qumran, Cave 4	Parabiblical Texts	16	16	14	0	0	0	569	4Q553	4	250	215	0	0	
4Q554	square	Aramaic	Parchment		Qumran, Cave 4	Parabiblical Texts	12	12	2	1	0	1	570	4Q554	17	1513	1327	2	221	4Q554
4Q555	square	Aramaic	Parchment	Herodian	Qumran, Cave 4	Parabiblical Texts	3	3	3	2	2	2	572	4Q555	6	91	69	2	33	4Q555
4Q556	square	Aramaic		Herodian	Qumran, Cave 4	Other	12	12	12	2	2	2	573	4Q556	1	146	125	1	146	4Q556
4Q557	square	Aramaic	Parchment	Hasmonean	Qumran, Cave 4	Other	2	2	1	1	1	1	574	4Q557	2	92	70	1	77	4Q557
4Q558	square	Aramaic	Papyrus	Hasmonean	Qumran, Cave 4	Other	124	124	8	8	8	8	575	4Q558	145	1386	930	8	86	4Q558
4Q559	square	Aramaic	Papyrus	Hasmonean	Qumran, Cave 4	Parabiblical Texts	0	0	0	0	0	0	576	4Q559	13	193	140	0	0	
4Q56	square	Hebrew	Parchment	Herodian	Qumran, Cave 4	Scripture	27	27	27	27	25	27	901	4Q56	40	3421	2800	24	2336	4Q56
4Q560	square	Aramaic	Parchment	Hasmonean	Qumran, Cave 4	Other	3	3	2	2	1	2	577	4Q560	3	210	166	3	210	4Q560
4Q561	excluded: language ''		Parchment	Hasmonean	Qumran, Cave 4	Other	8	8	5	2	1	2	578	4Q561	9	311	224	2	122	4Q561
4Q562	square	Aramaic	Parchment	Hasmonean	Qumran, Cave 4	Unidentified Text	11	11	11	11	11	11	579	4Q562	11	334	218	11	334	4Q562
4Q563	square	Aramaic	Parchment	Hasmonean	Qumran, Cave 4	Sapiential Texts	2	2	2	2	2	2	580	4Q563	3	148	101	2	143	4Q563
4Q564	excluded: language 'Unidentified'	Unidentified	Parchment	Herodian	Qumran, Cave 4	Unidentified Text	1	1	1	1	0	1	581	4Q564	2	44	23	2	44	4Q564
4Q565	square	Aramaic	Parchment	Hasmonean	Qumran, Cave 4	Other	1	1	1	1	1	1	582	4Q565	1	59	44	1	59	4Q565
4Q566	square	Aramaic	Parchment	Herodian	Qumran, Cave 4	Other	2	2	2	2	2	2	583	4Q566	2	59	38	2	59	4Q566
4Q567	excluded: language 'Unidentified'	Unidentified	Parchment	Herodian	Qumran, Cave 4	Unidentified Text	1	1	1	1	1	1	584	4Q567	1	18	11	1	18	4Q567
4Q568	excluded: language ''		Parchment	Hasmonean	Qumran, Cave 4	Other	1	1	1	1	1	1	585	4Q568	1	56	49	1	56	4Q568
4Q569	square	Aramaic	Parchment	Hasmonean	Qumran, Cave 4	Other	4	4	4	0	0	0	586	4Q569	2	144	100	0	0	
4Q57	square	Hebrew	Parchment	Herodian	Qumran, Cave 4	Scripture	76	76	23	23	22	23	902	4Q57	57	2784	2246	17	1950	4Q57
4Q570	excluded: language 'Unidentified'	Unidentified	Parchment	Hasmonean	Qumran, Cave 4	Unidentified Text	0	0	0	0	0	0	587	4Q570	47	638	359	0	0	
4Q571	square	Aramaic	Parchment	Hasmonean	Qumran, Cave 4	Other	2	1	0	0	0	0	588	4Q571	1	81	61	0	0	
4Q572	square	Aramaic	Parchment	Hasmonean	Qumran, Cave 4	Unidentified Text	1	1	0	0	0	0	589	4Q572	1	30	24	0	0	
4Q573	square	Aramaic	Parchment	Herodian	Qumran, Cave 4	Unidentified Text	1	1	0	0	0	0	590	4Q573	1	31	26	0	0	
4Q574	square	Aramaic	Parchment	Hasmonean	Qumran, Cave 4	Unidentified Text	1	1	0	0	0	0	591	4Q574	1	46	18	0	0	
4Q575	square	Aramaic	Parchment	Hasmonean	Qumran, Cave 4	Other	2	2	0	0	0	0	592	4Q575	1	48	30	0	0	
4Q576	square	Hebrew	Parchment	Hasmonean	Qumran, Cave 4	Scripture	1	1	1	1	1	1	1003	4Q576	2	16	12	1	12	4Q576
4Q577	square	Hebrew	Parchment	Hasmonean	Qumran, Cave 4	Parabiblical Texts	8	8	8	8	8	8	593	4Q577	8	141	112	8	141	4Q577
4Q578	square	Hebrew	Parchment	Hasmonean	Qumran, Cave 4	Historical Texts	1	1	0	0	0	0	594	4Q578	1	20	10	0	0	
4Q579	square	Hebrew	Parchment	Hasmonean	Qumran, Cave 4	Poetical/Liturgical Texts?	1	1	1	1	1	1	595	4Q579	3	49	32	1	40	4Q579
4Q58	square	Hebrew	Parchment	Herodian	Qumran, Cave 4	Scripture	19	17	12	12	12	12	903	4Q58	10	1592	1350	10	1592	4Q58
4Q580	square	Aramaic	Parchment	Hasmonean	Qumran, Cave 4	Parabiblical Texts	15	15	12	11	10	11	596	4Q580	19	393	296	12	364	4Q580
4Q581	square	Aramaic	Parchment	Hasmonean	Qumran, Cave 4	Parabiblical Texts	3	3	1	1	1	1	597	4Q581	2	197	151	1	10	4Q581
4Q582	square	Hebrew	Parchment	Hasmonean	Qumran, Cave 4	Parabiblical Texts	4	4	1	1	1	1	598	4Q582	5	102	60	1	31	4Q582
4Q583	square	Aramaic	Parchment	Hasmonean	Qumran, Cave 4	Other	1	1	0	0	0	0	1079	4Q583	1	86	76	0	0	
4Q584	square	Aramaic	Parchment	Hellenistic-Roman	Qumran, Cave 4	Unidentified Text	25	25	0	0	0	0	1080	4Q584	28	427	287	0	0	
4Q585	square	Aramaic	Parchment	Hellenistic-Roman	Qumran, Cave 4	Unidentified Text	27	27	0	0	0	0	1081	4Q585	30	164	106	0	0	
4Q586	square	Aramaic	Parchment	Hellenistic-Roman	Qumran, Cave 4	Unidentified Text	0	0	0	0	0	0		4Q586	14	160	103	0	0	
4Q59	square	Hebrew	Parchment	Herodian	Qumran, Cave 4	Scripture	0	0	0	0	0	0	904	4Q59	11	1063	862	0	0	
4Q6	square	Hebrew	Parchment	Hasmonean	Qumran, Cave 4	Scripture	3	3	3	3	3	3	843	4Q6	2	454	366	1	388	4Q6
4Q60	square	Hebrew	Parchment	Hasmonean	Qumran, Cave 4	Scripture	30	30	30	30	25	30	905	4Q60	30	969	745	26	943	4Q60
4Q61	square	Hebrew	Parchment	Herodian	Qumran, Cave 4	Scripture	6	5	6	6	6	6	906	4Q61	1	271	231	1	271	4Q61
4Q62	square	Hebrew	Parchment	Hasmonean	Qumran, Cave 4	Scripture	3	3	3	3	3	1	907	4Q62	1	156	139	3	229	4Q62,4Q62a
4Q63	square	Hebrew	Parchment	Herodian	Qumran, Cave 4	Scripture	2	2	0	0	0	0	909	4Q63	1	55	40	0	0	
4Q64	square	Hebrew	Parchment	Hasmonean	Qumran, Cave 4	Scripture	5	5	4	4	4	4	910	4Q64	1	119	95	1	119	4Q64
4Q65	square	Hebrew	Parchment	Hasmonean	Qumran, Cave 4	Scripture	1	1	1	1	0	1	911	4Q65	2	56	50	2	56	4Q65
4Q66	square	Hebrew	Parchment	Hasmonean	Qumran, Cave 4	Scripture	8	8	4	4	4	4	912	4Q66	2	100	68	2	100	4Q66
4Q67	square	Hebrew	Parchment	Hasmonean	Qumran, Cave 4	Scripture	1	1	0	0	0	0	913	4Q67	1	74	58	0	0	
4Q68	square	Hebrew	Parchment	Hasmonean	Qumran, Cave 4	Scripture	1	1	1	1	1	1	914	4Q68	2	125	95	1	121	4Q68
4Q69	square	Hebrew	Papyrus	Hasmonean	Qumran, Cave 4	Scripture	2	2	2	2	2	2	915	4Q69	1	33	24	1	33	4Q69
4Q7	square	Hebrew	Parchment	Hasmonean	Qumran, Cave 4	Scripture	6	6	3	3	3	3	844	4Q7	3	523	470	3	523	4Q7
4Q70	square	Hebrew	Parchment	Early Hellenistic	Qumran, Cave 4	Scripture	46	46	46	46	41	46	918	4Q70	35	2448	2089	35	2448	4Q70
4Q71	square	Hebrew	Parchment	Hasmonean	Qumran, Cave 4	Scripture	1	1	0	0	0	0	919	4Q71	1	111	93	0	0	
4Q72	square	Hebrew	Parchment	Early Hellenistic	Qumran, Cave 4	Scripture	64	61	56	56	47	53	920	4Q72	43	2036	1734	40	2004	4Q72
4Q73	square	Hebrew	Parchment	Hasmonean	Qumran, Cave 4	Scripture	3	2	2	2	1	2	923	4Q73	5	566	479	3	221	4Q73
4Q74	square	Hebrew	Parchment	Herodian	Qumran, Cave 4	Scripture	6	6	6	6	5	6	924	4Q74	3	227	195	3	227	4Q74
4Q75	square	Hebrew	Parchment	Hasmonean	Qumran, Cave 4	Scripture	1	1	0	0	0	0	925	4Q75	1	20	14	0	0	
4Q76	square	Hebrew	Parchment	Hasmonean	Qumran, Cave 4	Scripture	25	24	9	9	6	9	926	4Q76	12	1249	1063	9	1109	4Q76
4Q77	square	Hebrew	Parchment	Hasmonean	Qumran, Cave 4	Scripture	6	6	6	6	5	6	927	4Q77	6	203	159	6	203	4Q77
4Q78	square	Hebrew	Parchment	Hasmonean	Qumran, Cave 4	Scripture	50	50	48	48	47	48	928	4Q78	29	1459	1163	27	1365	4Q78
4Q79	square	Hebrew	Parchment	Hasmonean	Qumran, Cave 4	Scripture	1	1	0	0	0	0	929	4Q79	1	104	82	0	0	
4Q8	square	Hebrew	Parchment		Qumran, Cave 4	Scripture	1	1	1	1	1	0	845		0	0	0	1	9	4Q8b
4Q80	square	Hebrew	Parchment	Hasmonean	Qumran, Cave 4	Scripture	0	0	0	0	0	0	930	4Q80	17	508	423	0	0	
4Q81	square	Hebrew	Parchment	Hasmonean	Qumran, Cave 4	Scripture	5	5	2	2	2	2	931	4Q81	3	114	91	2	104	4Q81
4Q82	square	Hebrew	Parchment	Herodian	Qumran, Cave 4	Scripture	169	169	61	61	58	61	932	4Q82	44	2828	1832	33	2116	4Q82
4Q83	square	Hebrew	Parchment	Hasmonean	Qumran, Cave 4	Scripture	19	19	14	14	11	14	933	4Q83	20	1512	1235	16	1428	4Q83
4Q84	square	Hebrew	Parchment	Herodian	Qumran, Cave 4	Scripture	26	25	15	14	2	14	934	4Q84	29	1682	1472	11	376	4Q84
4Q85	square	Hebrew	Parchment	Herodian	Qumran, Cave 4	Scripture	28	27	22	22	19	21	935	4Q85	23	1170	948	20	1148	4Q85
4Q86	square	Hebrew	Parchment	Hasmonean	Qumran, Cave 4	Scripture	16	16	7	7	6	7	936	4Q86	5	477	395	5	477	4Q86
4Q87	square	Hebrew	Parchment	Herodian	Qumran, Cave 4	Scripture	41	41	24	24	21	24	937	4Q87	21	690	580	20	683	4Q87
4Q88	square	Hebrew	Parchment	Hasmonean	Qumran, Cave 4	Scripture	20	20	4	4	4	4	89,938	4Q88	12	1105	893	4	568	4Q88
4Q89	square	Hebrew	Parchment	Herodian	Qumran, Cave 4	Scripture	6	6	6	6	5	6	939	4Q89	5	281	242	5	281	4Q89
4Q9	square	Hebrew	Parchment	Herodian	Qumran, Cave 4	Scripture	12	12	11	11	9	11	848	4Q9	13	745	493	11	698	4Q9
4Q90	square	Hebrew	Parchment	Herodian	Qumran, Cave 4	Scripture	1	1	1	1	1	1	940	4Q90	1	143	116	1	143	4Q90
4Q91	square	Hebrew	Parchment	Herodian	Qumran, Cave 4	Scripture	10	10	9	9	9	9	941	4Q91	6	122	68	6	122	4Q91
4Q92	square	Hebrew	Parchment	Hasmonean	Qumran, Cave 4	Scripture	1	1	0	0	0	0	942	4Q92	2	95	80	0	0	
4Q93	square	Hebrew	Parchment	Herodian	Qumran, Cave 4	Scripture	1	1	0	0	0	0	943	4Q93	2	76	61	0	0	
4Q94	square	Hebrew	Parchment	Herodian	Qumran, Cave 4	Scripture	8	8	7	7	7	7	944	4Q94	4	140	116	4	140	4Q94
4Q95	square	Hebrew	Parchment	Herodian	Qumran, Cave 4	Scripture	3	3	3	3	3	3	945	4Q95	2	83	59	2	83	4Q95
4Q96	square	Hebrew	Parchment	Herodian	Qumran, Cave 4	Scripture	2	2	2	2	2	2	946	4Q96	2	72	59	2	72	4Q96
4Q97	square	Hebrew	Parchment	Herodian	Qumran, Cave 4	Scripture	2	2	2	2	2	2	947	4Q97	1	54	22	1	54	4Q97
4Q98	square	Hebrew	Parchment	Herodian	Qumran, Cave 4	Scripture	4	4	4	4	4	0	948	4Q98	2	373	330	4	151	4Q98a,4Q98b,4Q98c
4Q98e	square	Hebrew	Parchment	Herodian	Qumran, Cave 4	Scripture	1	1	0	0	0	0	953	4Q98e	1	8	5	0	0	
4Q98f	square	Hebrew	Parchment	Hasmonean	Qumran, Cave 4	Scripture	0	0	0	0	0	0	954	4Q98f	1	47	30	0	0	
4Q98g	square	Hebrew	Parchment	Hasmonean	Qumran, Cave 4	Scripture	1	1	0	0	0	0	955	4Q98g	1	99	79	0	0	
4Q99	square	Hebrew	Parchment	Hasmonean	Qumran, Cave 4	Scripture	23	23	22	22	20	22	956	4Q99	14	608	464	14	608	4Q99
4Q9999	square	Hebrew?	Parchment	Hellenistic-Roman	Qumran, Cave 4	Unidentified Text	2023	2023	0	0	0	0	1082		0	0	0	0	0	
5/6Hev-57	excluded: language ''		Papyrus	Roman	Cave of Letters	Bar Kokhba letters	0	0	0	0	0	0	1618		0	0	0	0	0	
5/6Hev1	excluded: Nabatean script	Nabatean	Papyrus	Roman	Cave of Letters	Babatha's archive	7	7	0	0	0	0	1089		0	0	0	0	0	
5/6Hev10	square	Aramaic	Papyrus	Roman	Cave of Letters	Babatha's archive	5	5	0	0	0	0	1090		0	0	0	0	0	
5/6Hev11	excluded: Greek script	Greek	Papyrus	Roman	Cave of Letters	Babatha's archive	8	7	0	0	0	0	1091		0	0	0	0	0	
5/6Hev12	excluded: Greek script	Greek	Papyrus	Roman	Cave of Letters	Babatha's archive	15	14	0	0	0	0	1092		0	0	0	0	0	
5/6Hev13	excluded: Greek script	Greek	Papyrus	Roman	Cave of Letters	Babatha's archive	13	12	0	0	0	0	1093		0	0	0	0	0	
5/6Hev14	excluded: Greek script	Greek	Papyrus	Roman	Cave of Letters	Babatha's archive	12	11	0	0	0	0	1094		0	0	0	0	0	
5/6Hev15	excluded: Greek script	Greek	Papyrus	Roman	Cave of Letters	Babatha's archive	8	6	0	0	0	0	1095		0	0	0	0	0	
5/6Hev16	excluded: Greek script	Greek	Papyrus	Roman	Cave of Letters	Babatha's archive	2	1	0	0	0	0	1096		0	0	0	0	0	
5/6Hev17	excluded: Greek script	Greek	Papyrus	Roman	Cave of Letters	Babatha's archive	11	10	0	0	0	0	1097		0	0	0	0	0	
5/6Hev19	excluded: Greek script	Greek	Papyrus	Roman	Cave of Letters	Babatha's archive	10	9	0	0	0	0	1098		0	0	0	0	0	
5/6Hev 1a 534	square	Hebrew	Parchment	Herodian	Cave of Letters	Scripture	1	1	0	0	0	0			0	0	0	0	0	
5/6Hev1b *103	square	Hebrew	Parchment	Roman	Cave of Letters	Scripture	1	1	0	0	0	0	1614		0	0	0	0	0	
5/6Hev 1b 888	square	Hebrew	Parchment	Herodian	Cave of Letters	Scripture	1	1	0	0	0	0			0	0	0	0	0	
5/6Hev 1b 890	square	Hebrew	Parchment	Herodian	Cave of Letters	Scripture	4	4	0	0	0	0			0	0	0	0	0	
5/6Hev 1b 891	square	Hebrew	Parchment	Herodian	Cave of Letters	Scripture	8	8	0	0	0	0			0	0	0	0	0	
5/6Hev2	excluded: Nabatean script	Nabatean	Papyrus	Roman	Cave of Letters	Babatha's archive	25	25	0	0	0	0	1099		0	0	0	0	0	
5/6Hev 20	excluded: Greek script	Greek	Papyrus	Roman	Cave of Letters	Babatha's archive	2	2	0	0	0	0	1084		0	0	0	0	0	
5/6Hev21	excluded: Greek script	Greek	Papyrus	Roman	Cave of Letters	Babatha's archive	3	2	0	0	0	0	1100		0	0	0	0	0	
5/6Hev 22	excluded: Greek script	Greek	Papyrus	Roman	Cave of Letters	Babatha's archive	4	4	0	0	0	0	1085		0	0	0	0	0	
5/6Hev23	excluded: Greek script	Greek	Papyrus	Roman	Cave of Letters	Babatha's archive	10	8	0	0	0	0	1101		0	0	0	0	0	
5/6Hev24	excluded: Greek script	Greek	Papyrus	Roman	Cave of Letters	Babatha's archive	25	25	0	0	0	0	1102		0	0	0	0	0	
5/6Hev25	excluded: Greek script	Greek	Papyrus	Roman	Cave of Letters	Babatha's archive	8	7	0	0	0	0	1103		0	0	0	0	0	
5/6Hev26	excluded: Greek script	Greek	Papyrus	Roman	Cave of Letters	Babatha's archive	2	1	0	0	0	0	1104		0	0	0	0	0	
5/6Hev 27	excluded: Greek script	Greek	Papyrus	Roman	Cave of Letters	Babatha's archive	1	1	0	0	0	0	1086		0	0	0	0	0	
5/6Hev28	excluded: Greek script	Greek	Papyrus	Roman	Cave of Letters	Babatha's archive	1	1	0	0	0	0	1105		0	0	0	0	0	
5/6Hev29	excluded: Greek script	Greek	Papyrus	Roman	Cave of Letters	Babatha's archive	2	2	0	0	0	0	1106		0	0	0	0	0	
5/6Hev 3	excluded: Nabatean script	Nabatean	Papyrus	Roman	Cave of Letters	Babatha's archive	1	1	0	0	0	0	1087		0	0	0	0	0	
5/6Hev30	excluded: Greek script	Greek	Papyrus	Roman	Cave of Letters	Babatha's archive	9	9	0	0	0	0	1107		0	0	0	0	0	
5/6Hev31	excluded: Greek script	Greek	Papyrus	Roman	Cave of Letters	Babatha's archive	21	19	0	0	0	0	1108		0	0	0	0	0	
5/6Hev33	excluded: Greek script	Greek	Papyrus	Roman	Cave of Letters	Babatha's archive	14	13	0	0	0	0	1109		0	0	0	0	0	
5/6Hev34	excluded: Greek script	Greek	Papyrus	Roman	Cave of Letters	Babatha's archive	34	34	0	0	0	0	1110		0	0	0	0	0	
5/6Hev35	excluded: Greek script	Greek	Papyrus	Roman	Cave of Letters	Babatha's archive	30	30	0	0	0	0	1111		0	0	0	0	0	
5/6Hev36	excluded: Nabatean script	Nabatean	Papyrus	Roman	Cave of Letters	Other	16	16	0	0	0	0	1112		0	0	0	0	0	
5/6Hev37	excluded: Greek script		Papyrus	Roman	Cave of Letters	Other	3	3	0	0	0	0	1113		0	0	0	0	0	
5/6Hev39	excluded: Nabatean script	Nabatean	Papyrus	Roman	Cave of Letters	Babatha's archive	1	1	0	0	0	0	1114		0	0	0	0	0	
5/6Hev4	excluded: Nabatean script	Nabatean	Papyrus	Roman	Cave of Letters	Babatha's archive	3	2	0	0	0	0	1115		0	0	0	0	0	
5/6Hev41	square	Hebrew	Parchment	Roman	Cave of Letters	Scripture	1	1	0	0	0	0	1116		0	0	0	0	0	
5/6Hev42	square	Aramaic	Papyrus	Roman	Cave of Letters	Eleazar ben Shmuel archive	3	3	0	0	0	0	1117		0	0	0	0	0	
5/6Hev43	excluded: language ''		Papyrus	Roman	Cave of Letters	Eleazar ben Shmuel archive	0	0	0	0	0	0			0	0	0	0	0	
5/6Hev 44	square	Hebrew	Papyrus	Roman	Cave of Letters	Eleazar ben Shmuel archive	0	0	0	0	0	0	1613		0	0	0	0	0	
5/6Hev 45 *126	square	Hebrew	Papyrus	Roman	Cave of Letters	Eleazar ben Shmuel archive	0	0	0	0	0	0	1088		0	0	0	0	0	
5/6Hev 46	square	Hebrew	Papyrus	Roman	Cave of Letters	Eleazar ben Shmuel archive	0	0	0	0	0	0			0	0	0	0	0	
5/6Hev47	excluded: language ''		Papyrus	Roman	Cave of Letters	Other	7	7	0	0	0	0	1118		0	0	0	0	0	
5/6Hev49	square	Hebrew	Papyrus	Roman	Cave of Letters	Bar Kokhba letters	11	11	0	0	0	0	1119		0	0	0	0	0	
5/6Hev5	excluded: Greek script	Greek	Papyrus	Roman	Cave of Letters	Babatha's archive	13	13	0	0	0	0	1120		0	0	0	0	0	
5/6Hev50	excluded: language ''		Papyrus	Roman	Cave of Letters	Bar Kokhba letters	1	1	0	0	0	0	1121		0	0	0	0	0	
5/6Hev51	square	Hebrew	Papyrus	Roman	Cave of Letters	Bar Kokhba letters	10	10	0	0	0	0	1122		0	0	0	0	0	
5/6Hev52	excluded: Greek script	Greek	Papyrus	Roman	Cave of Letters	Bar Kokhba letters	4	4	0	0	0	0	1123		0	0	0	0	0	
5/6Hev53	excluded: language ''		Papyrus	Roman	Cave of Letters	Bar Kokhba letters	2	2	0	0	0	0	1124		0	0	0	0	0	
5/6Hev54	square	Aramaic	Wood	Roman	Cave of Letters	Bar Kokhba letters	0	0	0	0	0	0	1125		0	0	0	0	0	
5/6Hev55	excluded: language ''		Papyrus	Roman	Cave of Letters	Bar Kokhba letters	0	0	0	0	0	0	1617		0	0	0	0	0	
5/6Hev56	excluded: language ''		Papyrus	Roman	Cave of Letters	Bar Kokhba letters	1	1	0	0	0	0	1126		0	0	0	0	0	
5/6Hev58	excluded: language ''		Papyrus	Roman	Cave of Letters	Bar Kokhba letters	4	4	0	0	0	0	1127		0	0	0	0	0	
5/6Hev59	excluded: Greek script	Greek	Papyrus	Roman	Cave of Letters	Bar Kokhba letters	1	1	0	0	0	0	1128		0	0	0	0	0	
5/6Hev6	excluded: Nabatean script	Nabatean	Papyrus	Roman	Cave of Letters	Babatha's archive	4	4	0	0	0	0	1129		0	0	0	0	0	
5/6Hev60	square	Aramaic	Papyrus	Roman	Cave of Letters	Bar Kokhba letters	0	0	0	0	0	0	1130		0	0	0	0	0	
5/6Hev61	square	Hebrew?	Papyrus	Roman	Cave of Letters	Bar Kokhba letters	6	6	0	0	0	0	1131		0	0	0	0	0	
5/6Hev62	square	Aramaic?	Papyrus	Roman	Cave of Letters	Bar Kokhba letters	4	4	0	0	0	0	1132		0	0	0	0	0	
5/6Hev63	excluded: language ''		Papyrus	Roman	Cave of Letters	Bar Kokhba letters	5	4	0	0	0	0	1133		0	0	0	0	0	
5/6Hev64	excluded: Greek script	Greek	Papyrus	Roman	Cave of Letters	Unidentified Text	1	1	0	0	0	0	1134		0	0	0	0	0	
5/6Hev7	square	Aramaic	Papyrus	Roman	Cave of Letters	Babatha's archive	6	6	0	0	0	0	1135		0	0	0	0	0	
5/6Hev8	square	Aramaic	Papyrus	Roman	Cave of Letters	Babatha's archive	3	3	0	0	0	0	1136		0	0	0	0	0	
5/6Hev9	excluded: Nabatean script	Nabatean	Papyrus	Roman	Cave of Letters	Babatha's archive	22	22	0	0	0	0	1137		0	0	0	0	0	
5Q1	square	Hebrew	Parchment	Early Hellenistic	Qumran, Cave 5	Scripture	0	0	0	0	0	0	1004	5Q1	2	446	372	0	0	
5Q10	square	Hebrew	Parchment	Hellenistic-Roman	Qumran, Cave 5	Parabiblical Texts	0	0	0	0	0	0	600	5Q10	3	59	45	0	0	
5Q11	square	Hebrew	Parchment	Herodian	Qumran, Cave 5	Sectarian Texts	0	0	0	0	0	0	601	5Q11	2	30	19	0	0	
5Q12	square	Hebrew	Parchment	Herodian	Qumran, Cave 5	Sectarian Texts	0	0	0	0	0	0	602	5Q12	1	44	34	0	0	
5Q13	square	Hebrew	Parchment	Hellenistic-Roman	Qumran, Cave 5	Legal Texts	0	0	0	0	0	0	603	5Q13	19	392	320	0	0	
5Q14	square	Hebrew	Parchment	Herodian	Qumran, Cave 5	Poetical/Liturgical Texts	0	0	0	0	0	0	604	5Q14	1	70	58	0	0	
5Q15	square	Aramaic	Parchment	Hellenistic-Roman	Qumran, Cave 5	Parabiblical Texts	0	0	0	0	0	0	605	5Q15	17	1242	1009	0	0	
5Q16	square	Hebrew	Parchment	Hellenistic-Roman	Qumran, Cave 5	Unidentified Text	0	0	0	0	0	0	606	5Q16	6	133	107	0	0	
5Q17	square	Hebrew	Parchment	Hellenistic-Roman	Qumran, Cave 5	Unidentified Text	0	0	0	0	0	0	607	5Q17	6	54	40	0	0	
5Q18	square	Hebrew	Parchment	Herodian	Qumran, Cave 5	Unidentified Text	0	0	0	0	0	0	608	5Q18	4	33	24	0	0	
5Q19	square	Hebrew	Parchment	Herodian	Qumran, Cave 5	Unidentified Text	0	0	0	0	0	0	609	5Q19	4	33	22	0	0	
5Q2	square	Hebrew	Parchment	Hasmonean	Qumran, Cave 5	Scripture	0	0	0	0	0	0	1005	5Q2	1	160	134	0	0	
5Q20	square	Hebrew	Parchment	Hasmonean	Qumran, Cave 5	Unidentified Text	0	0	0	0	0	0	610	5Q20	3	28	24	0	0	
5Q21	square	Hebrew	Parchment	Herodian	Qumran, Cave 5	Unidentified Text	0	0	0	0	0	0	2077		0	0	0	0	0	
5Q22	square	Hebrew	Parchment	Hasmonean	Qumran, Cave 5	Unidentified Text	0	0	0	0	0	0	611	5Q22	1	16	14	0	0	
5Q23	square	Hebrew	Parchment	Hellenistic-Roman	Qumran, Cave 5	Unidentified Text	0	0	0	0	0	0	612	5Q23	1	4	3	0	0	
5Q24	square	Aramaic	Parchment	Hellenistic-Roman	Qumran, Cave 5	Unidentified Text	0	0	0	0	0	0	613	5Q24	1	9	9	0	0	
5Q25	square	Hebrew	Parchment	Hellenistic-Roman	Qumran, Cave 5	Unidentified Text	0	0	0	0	0	0	614	5Q25	12	66	48	0	0	
5Q3	square	Hebrew	Parchment	Herodian	Qumran, Cave 5	Scripture	0	0	0	0	0	0	1006	5Q3	2	17	12	0	0	
5Q5	square	Hebrew	Parchment	Herodian	Qumran, Cave 5	Scripture	0	0	0	0	0	0	1008	5Q5	3	138	90	0	0	
5Q6	square	Hebrew	Parchment	Herodian	Qumran, Cave 5	Scripture	0	0	0	0	0	0	1009	5Q6	17	503	355	0	0	
5Q7	square	Hebrew	Parchment	Herodian	Qumran, Cave 5	Scripture	0	0	0	0	0	0	1010	5Q7	1	18	11	0	0	
5Q8	square	Hebrew	Parchment	Hellenistic-Roman	Qumran, Cave 5	Tefillin	0	0	0	0	0	0	1138		0	0	0	0	0	
5Q9	square	Hebrew	Parchment	Herodian	Qumran, Cave 5	Parabiblical Texts	0	0	0	0	0	0	599	5Q9	7	101	74	0	0	
6Q10	square	Hebrew	Papyrus	Hasmonean	Qumran, Cave 6	Other	26	26	24	24	23	24	617	6Q10	27	132	93	25	130	6Q10
6Q11	square	Hebrew	Parchment	Herodian	Qumran, Cave 6	Other	1	1	0	0	0	0	618	6Q11	1	56	49	0	0	
6Q12	square	Hebrew	Parchment	Herodian	Qumran, Cave 6	Other	1	1	0	0	0	0	619	6Q12	1	41	38	0	0	
6Q13	square	Hebrew	Parchment	Herodian	Qumran, Cave 6	Other	1	1	0	0	0	0	620	6Q13	1	53	45	0	0	
6Q14	square	Aramaic	Parchment	Herodian	Qumran, Cave 6	Other	2	2	2	2	2	2	621	6Q14	2	67	54	2	67	6Q14
6Q15	square	Hebrew	Parchment	Herodian	Qumran, Cave 6	Sectarian Texts	5	5	5	5	5	5	622	6Q15	5	145	126	5	145	6Q15
6Q16	square	Hebrew	Papyrus	Herodian	Qumran, Cave 6	Poetical/Liturgical Texts	0	0	0	0	0	0	623	6Q16	5	61	52	0	0	
6Q17	square	Hebrew	Parchment	Herodian	Qumran, Cave 6	Calendrical Texts	0	0	0	0	0	0	624	6Q17	1	12	11	0	0	
6Q18	excluded: language ''		Papyrus	Herodian	Qumran, Cave 6	Poetical/Liturgical Texts	0	0	0	0	0	0	625	6Q18	27	306	255	0	0	
6Q19	square	Aramaic	Parchment	Herodian	Qumran, Cave 6	Scripture?	0	0	0	0	0	0	626	6Q19	1	13	12	0	0	
6Q20	square	Hebrew	Parchment	Hellenistic-Roman	Qumran, Cave 6	Scripture?	0	0	0	0	0	0	627	6Q20	1	37	29	0	0	
6Q21	square	Hebrew	Parchment	Herodian	Qumran, Cave 6	Other	0	0	0	0	0	0	628	6Q21	1	17	14	0	0	
6Q22	square	Hebrew	Papyrus	Herodian	Qumran, Cave 6	Unidentified Text	0	0	0	0	0	0	629	6Q22	1	14	12	0	0	
6Q23	square	Aramaic	Papyrus	Herodian	Qumran, Cave 6	Unidentified Text	0	0	0	0	0	0	630	6Q23	4	34	26	0	0	
6Q24	square	Hebrew	Papyrus	Hellenistic-Roman	Qumran, Cave 6	Unidentified Text	0	0	0	0	0	0	631	6Q24	5	12	11	0	0	
6Q25	square	Aramaic	Parchment	Herodian	Qumran, Cave 6	Unidentified Text	0	0	0	0	0	0	1139		0	0	0	0	0	
6Q26	square	Aramaic	Papyrus	Hellenistic-Roman	Qumran, Cave 6	Other	0	0	0	0	0	0	632	6Q26	9	41	15	0	0	
6Q27	square	Hebrew?	Papyrus	Hellenistic-Roman	Qumran, Cave 6	Unidentified Text	0	0	0	0	0	0	633	6Q27	7	13	7	0	0	
6Q28	square	Hebrew?	Papyrus	Hellenistic-Roman	Qumran, Cave 6	Unidentified Text	0	0	0	0	0	0	634	6Q28	5	12	4	0	0	
6Q29	square	Hebrew?	Papyrus	Hellenistic-Roman	Qumran, Cave 6	Unidentified Text	0	0	0	0	0	0	635	6Q29	2	4	3	0	0	
6Q3	square	Hebrew	Papyrus	Hellenistic-Roman	Qumran, Cave 6	Scripture?	0	0	0	0	0	0	1013	6Q3	1	8	5	0	0	
6Q30	square	Hebrew	Papyrus	Roman	Qumran, Cave 6	Scripture	0	0	0	0	0	0	636	6Q30	1	19	9	0	0	
6Q31	square	Aramaic	Papyrus	Herodian	Qumran, Cave 6	Unidentified Text	0	0	0	0	0	0	637	6Q31	18	41	25	0	0	
6Q4	square	Hebrew	Papyrus	Hasmonean	Qumran, Cave 6	Scripture	80	80	0	0	0	0	1014	6Q4	71	498	382	0	0	
6Q5	square	Hebrew	Papyrus	Herodian	Qumran, Cave 6	Scripture?	1	1	0	0	0	0	1015	6Q5	1	9	7	0	0	
6Q6	square	Hebrew	Parchment	Herodian	Qumran, Cave 6	Scripture	2	2	0	0	0	0	1016	6Q6	2	140	120	0	0	
6Q7	square	Hebrew	Papyrus	Herodian	Qumran, Cave 6	Scripture	13	13	0	0	0	0	1017	6Q7	8	220	170	0	0	
6Q8	square	Aramaic	Papyrus	Herodian	Qumran, Cave 6	Parabiblical Texts	0	0	0	0	0	0	615	6Q8	33	259	177	0	0	
6Q9	square	Hebrew	Papyrus	Hasmonean	Qumran, Cave 6	Parabiblical Texts	0	0	0	0	0	0	616	6Q9	68	414	318	0	0	
7Q19	excluded: Greek script	Greek	Stone	Hellenistic-Roman	Qumran, Cave 7	Unidentified Text	3	3	0	0	0	0	1150		0	0	0	0	0	
8Hev1	excluded: Greek script	Greek	Parchment	Roman	Cave of Horror	Translation of Scripture	42	38	0	0	0	0	1159		0	0	0	0	0	
8Hev2	square	Hebrew	Parchment	Roman	Cave of Horror	Poetical/Liturgical Texts	6	6	0	0	0	0	1160		0	0	0	0	0	
8Hev3	excluded: language 'Unidentified'	Unidentified	Papyrus	Herodian	Cave of Horror	Unidentified Text	4	4	0	0	0	0	1161		0	0	0	0	0	
8Q1	square	Hebrew	Parchment	Herodian	Qumran, Cave 8	Scripture	4	4	4	4	4	4	1018	8Q1	3	54	44	2	39	8Q1
8Q2	square	Hebrew	Parchment	Herodian	Qumran, Cave 8	Scripture	14	14	14	14	14	14	1019	8Q2	5	74	62	5	74	8Q2
8Q3	square	Hebrew	Parchment	Herodian	Qumran, Cave 8	Tefillin	0	0	0	0	0	0	1020	8Q3	23	2895	2623	0	0	
8Q4	square	Hebrew	Parchment	Herodian	Qumran, Cave 8	Mezuzah	15	15	2	2	2	2	1021	8Q4	1	885	816	1	885	8Q4
8Q5	square	Hebrew	Parchment	Herodian	Qumran, Cave 8	Poetical/Liturgical Texts	3	3	2	2	2	2	638	8Q5	2	124	102	2	124	8Q5
9Q1	square	Hebrew	Papyrus	Roman	Qumran, Cave 9	Unidentified Text	1	1	0	0	0	0	639	9Q1	1	6	4	0	0	
Mas 1	square	Hebrew	Parchment	Roman	Masada	Scripture	0	0	0	0	0	0	1048	Mas1	1	39	35	0	0	
Mas 1a	square	Hebrew	Parchment	Roman	Masada	Scripture	0	0	0	0	0	0	1049	Mas1a	1	209	192	0	0	
Mas 1b	square	Hebrew	Parchment	Roman	Masada	Scripture	0	0	0	0	0	0	1050	Mas1b	5	1329	1062	0	0	
Mas 1c	square	Hebrew	Parchment	Roman	Masada	Scripture	0	0	0	0	0	0	1051	Mas1c	3	208	155	0	0	
Mas 1d	square	Hebrew	Parchment	Roman	Masada	Scripture	0	0	0	0	0	0	1052	Mas1d	4	1609	1083	0	0	
Mas 1e	square	Hebrew	Parchment	Roman	Masada	Scripture	2	1	0	0	0	0	1053	Mas1e	3	1081	985	0	0	
Mas 1f	square	Hebrew	Parchment	Roman	Masada	Scripture	2	2	0	0	0	0	1054	Mas1f	2	111	93	0	0	
Mas 1h	square	Hebrew	Parchment	Roman	Masada	Sapiential Texts	0	0	0	0	0	0	1163		0	0	0	0	0	
Mas 1j	square	Hebrew	Parchment	Roman	Masada	Parabiblical Texts	1	1	0	0	0	0	1164		0	0	0	0	0	
Mas 1k	square	Hebrew	Parchment	Roman	Masada	Poetical/Liturgical Texts	2	2	0	0	0	0	707		0	0	0	0	0	
Mas 1l	square	Hebrew	Parchment	Roman	Masada	Parabiblical Texts	0	0	0	0	0	0	1165		0	0	0	0	0	
Mas 1m	square	Hebrew	Parchment	Roman	Masada	Other	0	0	0	0	0	0	1166		0	0	0	0	0	
Mas 1n	square	Hebrew	Parchment	Roman	Masada	Sectarian Text?	0	0	0	0	0	0	1167		0	0	0	0	0	
Mas 1o	excluded: Paleo-Hebrew script	Hebrew	Papyrus		Masada	Other	1	1	0	0	0	0	1168		0	0	0	0	0	
Mas 1p	square	Aramaic?	Parchment	Roman	Masada	Unidentified Text	0	0	0	0	0	0	1169		0	0	0	0	0	
Mas722	excluded: Latin script	Latin	Papyrus	Roman	Masada	Other	1	1	0	0	0	0	1173		0	0	0	0	0	
Mas723	excluded: Latin script	Latin	Papyrus	Roman	Masada	Other	4	4	0	0	0	0	1174		0	0	0	0	0	
Mas749	excluded: Latin script	Latin	Papyrus	Roman	Masada	Other	24	24	0	0	0	0	1198		0	0	0	0	0	
MUR1	excluded: language ''		Parchment	Roman	Wadi Murabba'at	Scripture	5	4	3	3	2	3	1034	Mur1	9	856	699	4	242	Mur1
MUR10	square	Aramaic	Parchment		Wadi Murabba'at	Other	0	0	0	0	0	0			0	0	0	0	0	
MUR100	excluded: Greek script	Greek	Parchment	Roman	Wadi Murabba'at	Other	1	1	0	0	0	0	1199		0	0	0	0	0	
MUR101	excluded: Greek script	Greek	Papyrus	Roman	Wadi Murabba'at	Other	2	1	0	0	0	0	1200		0	0	0	0	0	
MUR102	excluded: Greek script	Greek	Papyrus	Roman	Wadi Murabba'at	Other	3	3	0	0	0	0	1201		0	0	0	0	0	
MUR103	excluded: Greek script	Greek	Parchment	Hellenistic-Roman	Wadi Murabba'at	Other	2	2	0	0	0	0	1202		0	0	0	0	0	
MUR104	excluded: Greek script	Greek	Parchment	Roman	Wadi Murabba'at	Unidentified Text	1	1	0	0	0	0	1203		0	0	0	0	0	
MUR106	excluded: Greek script	Greek	Parchment	Roman	Wadi Murabba'at	Unidentified Text	1	1	0	0	0	0	1205		0	0	0	0	0	
MUR107	excluded: Greek script	Greek	Parchment	Roman	Wadi Murabba'at	Unidentified Text	2	2	0	0	0	0	1206		0	0	0	0	0	
MUR11	square	Hebrew?	Parchment		Wadi Murabba'at	Scribal Exercise	3	3	1	0	0	0	725		0	0	0	0	0	
MUR114	excluded: Greek script	Greek	Papyrus	Roman	Wadi Murabba'at	Other	1	1	0	0	0	0	1210		0	0	0	0	0	
MUR116	excluded: Greek script	Greek	Papyrus	Roman	Wadi Murabba'at	Other	2	1	0	0	0	0	1212		0	0	0	0	0	
MUR12	square	Aramaic?	Parchment	Hellenistic-Roman	Wadi Murabba'at	Unidentified Text	1	1	0	0	0	0	1216		0	0	0	0	0	
MUR13	square	Hebrew?	Parchment	Hellenistic-Roman	Wadi Murabba'at	Unidentified Text	1	1	0	0	0	0	1225		0	0	0	0	0	
MUR14	square	Aramaic?	Parchment	Hellenistic-Roman	Wadi Murabba'at	Unidentified Text	1	1	0	0	0	0	1228		0	0	0	0	0	
MUR15	square	Hebrew?	Parchment	Hellenistic-Roman	Wadi Murabba'at	Unidentified Text	1	1	0	0	0	0	1230		0	0	0	0	0	
MUR156	excluded: Greek script	Greek	Paper	Crusader	Wadi Murabba'at	Other	4	3	0	0	0	0	1237		0	0	0	0	0	
MUR158	excluded: Latin script	Latin	Papyrus	Roman	Wadi Murabba'at	Unidentified Text	14	14	0	0	0	0	1239		0	0	0	0	0	
MUR16	square	Aramaic?	Parchment	Hellenistic-Roman	Wadi Murabba'at	Unidentified Text	1	1	0	0	0	0	1241		0	0	0	0	0	
MUR164	excluded: Greek script	Greek	Parchment	Roman	Wadi Murabba'at	Other	10	10	0	0	0	0	1246		0	0	0	0	0	
MUR17	excluded: language ''		Papyrus	Iron Age	Wadi Murabba'at	Other	2	1	0	0	0	0	1248		0	0	0	0	0	
MUR173	excluded: Arabic script	Arabic	Paper	Islamic	Wadi Murabba'at	Other	3	2	0	0	0	0	1252		0	0	0	0	0	
MUR18	square	Aramaic	Papyrus	Roman	Wadi Murabba'at	Other	2	2	0	0	0	0	1253		0	0	0	0	0	
MUR19	square	Aramaic	Papyrus	Roman	Wadi Murabba'at	Other	1	1	0	0	0	0	1254		0	0	0	0	0	
MUR2	square	Hebrew	Parchment	Roman	Wadi Murabba'at	Scripture	3	3	3	3	2	3	1035	Mur2	4	110	85	4	110	Mur2
MUR20	square	Aramaic	Papyrus	Roman	Wadi Murabba'at	Other	0	0	0	0	0	0	1255		0	0	0	0	0	
MUR21	square	Aramaic	Papyrus	Roman	Wadi Murabba'at	Other	0	0	0	0	0	0	1256		0	0	0	0	0	
MUR22	square	Hebrew	Papyrus	Roman	Wadi Murabba'at	Other	0	0	0	0	0	0	728		0	0	0	0	0	
MUR23	square	Aramaic	Papyrus	Roman	Wadi Murabba'at	Other	1	1	0	0	0	0	1257		0	0	0	0	0	
MUR24	square	Hebrew	Papyrus	Roman	Wadi Murabba'at	Other	19	19	0	0	0	0	1258		0	0	0	0	0	
MUR25	square	Aramaic	Papyrus	Hellenistic-Roman	Wadi Murabba'at	Other	0	0	0	0	0	0	1259		0	0	0	0	0	
MUR26	square	Aramaic	Papyrus	Roman	Wadi Murabba'at	Other	4	4	0	0	0	0	1260		0	0	0	0	0	
MUR27	square	Aramaic	Papyrus	Roman	Wadi Murabba'at	Other	1	1	0	0	0	0	1261		0	0	0	0	0	
MUR28	square	Aramaic	Papyrus	Hellenistic-Roman	Wadi Murabba'at	Other	0	0	0	0	0	0	1628		0	0	0	0	0	
MUR29	square	Hebrew	Papyrus	Roman	Wadi Murabba'at	Other	1	1	0	0	0	0	741		0	0	0	0	0	
MUR3	square	Hebrew	Parchment	Roman	Wadi Murabba'at	Scripture	2	1	0	0	0	0	1036	Mur3	1	87	68	0	0	
MUR30	square	Hebrew	Papyrus	Roman	Wadi Murabba'at	Other	3	3	0	0	0	0	742		0	0	0	0	0	
MUR31	square	Aramaic	Papyrus	Hellenistic-Roman	Wadi Murabba'at	Other	0	0	0	0	0	0	743		0	0	0	0	0	
MUR32	square	Aramaic	Papyrus	Roman	Wadi Murabba'at	Other	0	0	0	0	0	0			0	0	0	0	0	
MUR33	square	Aramaic	Papyrus	Hellenistic-Roman	Wadi Murabba'at	Other	0	0	0	0	0	0			0	0	0	0	0	
MUR34	square	Aramaic	Papyrus	Hellenistic-Roman	Wadi Murabba'at	Other	0	0	0	0	0	0	1262		0	0	0	0	0	
MUR35	square	Aramaic	Papyrus	Hellenistic-Roman	Wadi Murabba'at	Other	0	0	0	0	0	0	1263		0	0	0	0	0	
MUR36	square	Hebrew	Papyrus	Hellenistic-Roman	Wadi Murabba'at	Other	4	4	0	0	0	0	744		0	0	0	0	0	
MUR37	square	Aramaic?	Papyrus	Hellenistic-Roman	Wadi Murabba'at	Other	0	0	0	0	0	0	745		0	0	0	0	0	
MUR38	square	Aramaic	Papyrus	Hellenistic-Roman	Wadi Murabba'at	Other	5	5	0	0	0	0	746		0	0	0	0	0	
MUR39	square	Aramaic?	Papyrus	Hellenistic-Roman	Wadi Murabba'at	Other	2	2	0	0	0	0	747		0	0	0	0	0	
MUR4	square	Hebrew	Parchment	Roman	Wadi Murabba'at	Tefillin	0	0	0	0	0	0	1037	Mur4	2	1593	1569	0	0	
MUR40	square	Aramaic	Papyrus	Hellenistic-Roman	Wadi Murabba'at	Other	0	0	0	0	0	0	748		0	0	0	0	0	
MUR41	square	Aramaic?	Papyrus	Hellenistic-Roman	Wadi Murabba'at	Other	6	6	0	0	0	0	1264		0	0	0	0	0	
MUR42	square	Hebrew	Papyrus	Roman	Wadi Murabba'at	Bar Kokhba letters	0	0	0	0	0	0	749		0	0	0	0	0	
MUR43	square	Hebrew	Papyrus	Roman	Wadi Murabba'at	Bar Kokhba letters	1	1	0	0	0	0	750		0	0	0	0	0	
MUR44	square	Hebrew	Papyrus	Roman	Wadi Murabba'at	Bar Kokhba letters	1	1	0	0	0	0	751		0	0	0	0	0	
MUR45	square	Hebrew	Papyrus	Roman	Wadi Murabba'at	Bar Kokhba letters	0	0	0	0	0	0	752		0	0	0	0	0	
MUR46	square	Hebrew	Papyrus	Roman	Wadi Murabba'at	Bar Kokhba letters	0	0	0	0	0	0	753		0	0	0	0	0	
MUR47	square	Hebrew	Papyrus	Roman	Wadi Murabba'at	Bar Kokhba letters	0	0	0	0	0	0	754		0	0	0	0	0	
MUR48	square	Hebrew?	Papyrus	Roman	Wadi Murabba'at	Bar Kokhba letters	3	3	0	0	0	0	755		0	0	0	0	0	
MUR49	square	Hebrew?	Papyrus	Roman	Wadi Murabba'at	Bar Kokhba letters	0	0	0	0	0	0	756		0	0	0	0	0	
MUR5	square	Hebrew	Parchment	Roman	Wadi Murabba'at	Mezuzah	0	0	0	0	0	0	1265		0	0	0	0	0	
MUR50	square	Hebrew?	Papyrus	Roman	Wadi Murabba'at	Bar Kokhba letters	3	3	0	0	0	0	757		0	0	0	0	0	
MUR51	square	Hebrew?	Papyrus	Roman	Wadi Murabba'at	Bar Kokhba letters	0	0	0	0	0	0	758		0	0	0	0	0	
MUR52	square	Hebrew?	Papyrus	Roman	Wadi Murabba'at	Bar Kokhba letters	0	0	0	0	0	0	759		0	0	0	0	0	
MUR53	square	Aramaic?	Papyrus	Roman	Wadi Murabba'at	Unidentified Text	1	1	0	0	0	0	1266		0	0	0	0	0	
MUR54	square	Aramaic?	Papyrus	Roman	Wadi Murabba'at	Unidentified Text	15	15	0	0	0	0	1267		0	0	0	0	0	
MUR55	square	Hebrew?	Papyrus	Hellenistic-Roman	Wadi Murabba'at	Unidentified Text	6	6	5	0	0	0	760		0	0	0	0	0	
MUR56	square	Hebrew?	Papyrus	Hellenistic-Roman	Wadi Murabba'at	Unidentified Text	0	0	0	0	0	0	761		0	0	0	0	0	
MUR57	square	Hebrew?	Papyrus	Hellenistic-Roman	Wadi Murabba'at	Unidentified Text	1	1	1	0	0	0	762		0	0	0	0	0	
MUR58	square	Hebrew?	Papyrus	Hellenistic-Roman	Wadi Murabba'at	Unidentified Text	2	2	2	0	0	0	763		0	0	0	0	0	
MUR59	square	Hebrew?	Papyrus	Hellenistic-Roman	Wadi Murabba'at	Unidentified Text	1	1	1	0	0	0	764		0	0	0	0	0	
MUR60	excluded: Square? script	Hebrew?	Papyrus	Hellenistic-Roman	Wadi Murabba'at	Unidentified Text	2	2	2	0	0	0	765		0	0	0	0	0	
MUR61	square	Hebrew?	Papyrus	Hellenistic-Roman	Wadi Murabba'at	Unidentified Text	1	1	0	0	0	0	766		0	0	0	0	0	
MUR62	square	Hebrew?	Papyrus	Roman	Wadi Murabba'at	Unidentified Text	0	0	0	0	0	0	767		0	0	0	0	0	
MUR63	square	Hebrew?	Papyrus	Hellenistic-Roman	Wadi Murabba'at	Unidentified Text	0	0	0	0	0	0	768		0	0	0	0	0	
MUR64	square	Hebrew?	Papyrus	Hellenistic-Roman	Wadi Murabba'at	Unidentified Text	0	0	0	0	0	0	769		0	0	0	0	0	
MUR65	square	Hebrew?	Papyrus	Hellenistic-Roman	Wadi Murabba'at	Unidentified Text	0	0	0	0	0	0	1268		0	0	0	0	0	
MUR66	square	Hebrew?	Papyrus	Hellenistic-Roman	Wadi Murabba'at	Unidentified Text	0	0	0	0	0	0	770		0	0	0	0	0	
MUR67	square	Hebrew?	Papyrus	Hellenistic-Roman	Wadi Murabba'at	Unidentified Text	0	0	0	0	0	0	771		0	0	0	0	0	
MUR68	square	Hebrew?	Papyrus	Hellenistic-Roman	Wadi Murabba'at	Unidentified Text	0	0	0	0	0	0	772		0	0	0	0	0	
MUR69	square	Hebrew?	Papyrus	Hellenistic-Roman	Wadi Murabba'at	Unidentified Text	0	0	0	0	0	0	773		0	0	0	0	0	
MUR7	square	Hebrew	Parchment	Roman	Wadi Murabba'at	Other	0	0	0	0	0	0	720		0	0	0	0	0	
MUR70	square	Aramaic?	Papyrus	Hellenistic-Roman	Wadi Murabba'at	Unidentified Text	0	0	0	0	0	0	774		0	0	0	0	0	
MUR8	square	Aramaic	Parchment	Roman	Wadi Murabba'at	Other	0	0	0	0	0	0	721		0	0	0	0	0	
MUR88	excluded: language ''		Parchment	Roman	Wadi Murabba'at	Scripture	1	1	0	0	0	0	1038	Mur88	21	12588	9015	0	0	
MUR89	excluded: Greek script	Greek	Parchment	Roman	Wadi Murabba'at	Other	1	1	0	0	0	0	1270		0	0	0	0	0	
MUR9	square	Aramaic?	Parchment	Hellenistic-Roman	Wadi Murabba'at	Other	0	0	0	0	0	0	722		0	0	0	0	0	
MUR90	excluded: Greek script	Greek	Parchment	Roman	Wadi Murabba'at	Other	6	6	0	0	0	0	1271		0	0	0	0	0	
MUR91	excluded: Greek script	Greek	Parchment	Roman	Wadi Murabba'at	Other	1	1	0	0	0	0	1272		0	0	0	0	0	
MUR92	excluded: Greek script	Greek	Parchment	Roman	Wadi Murabba'at	Other	1	1	0	0	0	0	1273		0	0	0	0	0	
MUR93	excluded: Greek script	Greek	Parchment	Roman	Wadi Murabba'at	Other	1	1	0	0	0	0	1274		0	0	0	0	0	
MUR94	excluded: Greek script	Greek	Parchment	Roman	Wadi Murabba'at	Other	1	1	0	0	0	0	1275		0	0	0	0	0	
MUR95	excluded: Greek script	Greek	Parchment	Roman	Wadi Murabba'at	Other	1	0	0	0	0	0	1276		0	0	0	0	0	
MUR96	excluded: Greek script	Greek	Parchment	Roman	Wadi Murabba'at	Other	1	1	0	0	0	0	1277		0	0	0	0	0	
MUR97	excluded: Greek script	Greek	Parchment	Roman	Wadi Murabba'at	Other	5	5	0	0	0	0	1278		0	0	0	0	0	
MUR98	excluded: Greek script	Greek	Papyrus	Roman	Wadi Murabba'at	Other	1	1	0	0	0	0	1279		0	0	0	0	0	
MUR99	excluded: Greek script	Greek	Parchment	Roman	Wadi Murabba'at	Other	1	1	0	0	0	0	1280		0	0	0	0	0	
WD1	square	Aramaic	Papyrus	Persian	Wadi Daliyeh, Cave of Abu Shinjeh	Other	0	0	0	0	0	0			0	0	0	0	0	
WD10	square	Aramaic	Papyrus	Persian	Wadi Daliyeh, Cave of Abu Shinjeh	Other	0	0	0	0	0	0	1281		0	0	0	0	0	
WD11	square	Aramaic	Papyrus	Persian	Wadi Daliyeh, Cave of Abu Shinjeh	Other	0	0	0	0	0	0	1282		0	0	0	0	0	
WD12	square	Aramaic	Papyrus	Persian	Wadi Daliyeh, Cave of Abu Shinjeh	Other	0	0	0	0	0	0			0	0	0	0	0	
WD13	square	Aramaic	Papyrus	Persian	Wadi Daliyeh, Cave of Abu Shinjeh	Other	0	0	0	0	0	0	1283		0	0	0	0	0	
WD14	square	Aramaic	Papyrus	Persian	Wadi Daliyeh, Cave of Abu Shinjeh	Other	0	0	0	0	0	0			0	0	0	0	0	
WD15	square	Aramaic	Papyrus	Persian	Wadi Daliyeh, Cave of Abu Shinjeh	Other	0	0	0	0	0	0			0	0	0	0	0	
WD16	square	Aramaic	Papyrus	Persian	Wadi Daliyeh, Cave of Abu Shinjeh	Other	0	0	0	0	0	0	1284		0	0	0	0	0	
WD17	square	Aramaic	Papyrus	Persian	Wadi Daliyeh, Cave of Abu Shinjeh	Other	0	0	0	0	0	0			0	0	0	0	0	
WD18	square	Aramaic	Papyrus	Persian	Wadi Daliyeh, Cave of Abu Shinjeh	Other	0	0	0	0	0	0			0	0	0	0	0	
WD19	square	Aramaic	Papyrus	Persian	Wadi Daliyeh, Cave of Abu Shinjeh	Other	0	0	0	0	0	0	1285		0	0	0	0	0	
WD2	square	Aramaic	Papyrus	Persian	Wadi Daliyeh, Cave of Abu Shinjeh	Other	4	4	0	0	0	0	1286		0	0	0	0	0	
WD20	square	Aramaic	Papyrus	Persian	Wadi Daliyeh, Cave of Abu Shinjeh	Other	0	0	0	0	0	0			0	0	0	0	0	
WD21	square	Aramaic	Papyrus	Persian	Wadi Daliyeh, Cave of Abu Shinjeh	Other	0	0	0	0	0	0	1287		0	0	0	0	0	
WD22	square	Aramaic	Papyrus	Persian	Wadi Daliyeh, Cave of Abu Shinjeh	Other	0	0	0	0	0	0	1288		0	0	0	0	0	
WD23	square	Aramaic	Papyrus	Persian	Wadi Daliyeh, Cave of Abu Shinjeh	Other	0	0	0	0	0	0	1289		0	0	0	0	0	
WD24	square	Aramaic	Papyrus	Persian	Wadi Daliyeh, Cave of Abu Shinjeh	Other	0	0	0	0	0	0			0	0	0	0	0	
WD25	square	Aramaic	Papyrus	Persian	Wadi Daliyeh, Cave of Abu Shinjeh	Other	0	0	0	0	0	0			0	0	0	0	0	
WD26	square	Aramaic	Papyrus	Persian	Wadi Daliyeh, Cave of Abu Shinjeh	Other	0	0	0	0	0	0			0	0	0	0	0	
WD27	square	Aramaic	Papyrus	Persian	Wadi Daliyeh, Cave of Abu Shinjeh	Other	0	0	0	0	0	0			0	0	0	0	0	
WD28	no LL record						9	9	0	0	0	0	1290		0	0	0	0	0	
WD29	square	Aramaic	Papyrus	Persian	Wadi Daliyeh, Cave of Abu Shinjeh	Unidentified Text	11	11	0	0	0	0	1291		0	0	0	0	0	
WD3	square	Aramaic	Papyrus	Persian	Wadi Daliyeh, Cave of Abu Shinjeh	Other	0	0	0	0	0	0			0	0	0	0	0	
WD30	square	Aramaic	Papyrus	Persian	Wadi Daliyeh, Cave of Abu Shinjeh	Unidentified Text	0	0	0	0	0	0	1292		0	0	0	0	0	
WD31	square	Aramaic	Papyrus	Persian	Wadi Daliyeh, Cave of Abu Shinjeh	Unidentified Text	0	0	0	0	0	0	1293		0	0	0	0	0	
WD32	square	Aramaic	Papyrus	Persian	Wadi Daliyeh, Cave of Abu Shinjeh	Unidentified Text	0	0	0	0	0	0	1294		0	0	0	0	0	
WD33	square	Hebrew	Papyrus	Hellenistic-Roman	Wadi Daliyeh, Cave of Abu Shinjeh	Unidentified Text	119	119	0	0	0	0	1295		0	0	0	0	0	
WD34	square	Aramaic	Papyrus	Persian	Wadi Daliyeh, Cave of Abu Shinjeh	Unidentified Text	48	48	0	0	0	0	1296		0	0	0	0	0	
WD35	square	Aramaic	Papyrus	Persian	Wadi Daliyeh, Cave of Abu Shinjeh	Unidentified Text	0	0	0	0	0	0	1297		0	0	0	0	0	
WD38	excluded: Greek script	Greek	Papyrus	Persian	Wadi Daliyeh, Cave of Abu Shinjeh	Unidentified Text	40	40	0	0	0	0	1298		0	0	0	0	0	
WD4	square	Aramaic	Papyrus	Persian	Wadi Daliyeh, Cave of Abu Shinjeh	Other	0	0	0	0	0	0	1635		0	0	0	0	0	
WD5	square	Aramaic	Papyrus	Persian	Wadi Daliyeh, Cave of Abu Shinjeh	Other	0	0	0	0	0	0			0	0	0	0	0	
WD6	square	Aramaic	Papyrus	Persian	Wadi Daliyeh, Cave of Abu Shinjeh	Other	0	0	0	0	0	0			0	0	0	0	0	
WD7	square	Aramaic	Papyrus	Persian	Wadi Daliyeh, Cave of Abu Shinjeh	Other	0	0	0	0	0	0			0	0	0	0	0	
WD8	square	Aramaic	Papyrus	Persian	Wadi Daliyeh, Cave of Abu Shinjeh	Other	0	0	0	0	0	0	1299		0	0	0	0	0	
WD9	square	Aramaic	Papyrus	Persian	Wadi Daliyeh, Cave of Abu Shinjeh	Other	0	0	0	0	0	0			0	0	0	0	0	
WS1	script type blank	Hebrew	Parchment	Hellenistic-Roman	Wadi Sdeir	Scripture	3	3	0	0	0	0			0	0	0	0	0	
WS2	no LL record						1	1	0	0	0	0	1300		0	0	0	0	0	
XHev/Se10	square	Aramaic	Papyrus	Roman	Unknown Cave	Other	6	6	0	0	0	0	1304		0	0	0	0	0	
XHev/Se11	square	Aramaic	Papyrus	Roman	Unknown Cave	Other	0	0	0	0	0	0	1305		0	0	0	0	0	
XHev/Se15	square	Aramaic	Papyrus		Unknown Cave	Unidentified Text	0	0	0	0	0	0			0	0	0	0	0	
XHev/Se21	square	Aramaic	Papyrus	Hellenistic-Roman	Unknown Cave	Other	0	0	0	0	0	0	1308		0	0	0	0	0	
XHev/Se22	square	Aramaic	Papyrus	Roman	Unknown Cave	Other	0	0	0	0	0	0	1309		0	0	0	0	0	
XHev/Se23	square	Aramaic	Papyrus	Hellenistic-Roman	Unknown Cave	Other	0	0	0	0	0	0	1310		0	0	0	0	0	
XHev/Se24	square	Aramaic	Papyrus	Roman	Unknown Cave	Other	0	0	0	0	0	0	1311		0	0	0	0	0	
XHev/Se25	square	Aramaic	Papyrus	Hellenistic-Roman	Unknown Cave	Other	0	0	0	0	0	0			0	0	0	0	0	
XHev/Se27	square	Aramaic	Papyrus		Unknown Cave	Other	0	0	0	0	0	0			0	0	0	0	0	
XHev/Se28	square	Aramaic	Papyrus		Unknown Cave	Unidentified Text	0	0	0	0	0	0	1312		0	0	0	0	0	
XHev/Se29	excluded: language 'Unidentified'	Unidentified	Papyrus	Hellenistic-Roman	Unknown Cave	Unidentified Text	7	7	0	0	0	0	1313		0	0	0	0	0	
XHev/Se32	square	Aramaic	Papyrus	Hellenistic-Roman	Unknown Cave	Other	0	0	0	0	0	0	1641		0	0	0	0	0	
XHev/Se33	square	Aramaic	Papyrus	Hellenistic-Roman	Unknown Cave	Unidentified Text	0	0	0	0	0	0	1314		0	0	0	0	0	
XHev/Se34	square	Aramaic	Papyrus	Hellenistic-Roman	Unknown Cave	Other	0	0	0	0	0	0	1315		0	0	0	0	0	
XHev/Se35	square	Aramaic	Papyrus	Hellenistic-Roman	Unknown Cave	Unidentified Text	0	0	0	0	0	0	1316		0	0	0	0	0	
XHev/Se48	no LL record						2	1	0	0	0	0	1318		0	0	0	0	0	
XHev/Se5	square	Hebrew	Parchment	Hellenistic-Roman	Unknown Cave	Tefillin	5	3	4	4	4	3	1045	Xhev/se5	2	1526	1392	2	1526	Xhev/se5
XHev/Se6	square	Hebrew	Parchment	Herodian	Unknown Cave	Other	5	5	3	0	0	0	800		0	0	0	0	0	
XHev/Se60	no LL record						1	1	0	0	0	0	1319		0	0	0	0	0	
XHev/Se61	no LL record						3	3	0	0	0	0	1320		0	0	0	0	0	
XHev/Se63	no LL record						2	2	0	0	0	0	1321		0	0	0	0	0	
XHev/Se64	excluded: Greek script	Greek	Papyrus	Hellenistic-Roman	Unknown Cave	Other	5	4	0	0	0	0	1322		0	0	0	0	0	
XHev/Se66	no LL record						1	1	0	0	0	0	1323		0	0	0	0	0	
XHev/Se67	no LL record						1	1	0	0	0	0	1324		0	0	0	0	0	
XHev/Se68	no LL record						2	2	0	0	0	0	1325		0	0	0	0	0	
XHev/Se69	no LL record						12	12	0	0	0	0	1326		0	0	0	0	0	
XHev/Se7	square	Aramaic	Parchment	Roman	Unknown Cave	Other	1	1	0	0	0	0	1327		0	0	0	0	0	
XHev/Se70	excluded: Greek script	Greek	Papyrus	Hellenistic-Roman	Unknown Cave	Unidentified Text	1	1	0	0	0	0	1328		0	0	0	0	0	
XHev/Se71	excluded: Greek script	Greek	Papyrus	Hellenistic-Roman	Unknown Cave	Unidentified Text	1	1	0	0	0	0	1329		0	0	0	0	0	
XHev/Se72	excluded: Greek script	Greek	Papyrus	Hellenistic-Roman	Unknown Cave	Unidentified Text	1	1	0	0	0	0	1330		0	0	0	0	0	
XHev/Se 8	square	Hebrew	Papyrus	Roman	Unknown Cave	Other	0	0	0	0	0	0	1303		0	0	0	0	0	
XHev/Se 8a	square	Aramaic	Papyrus	Roman	Unknown Cave	Other	0	0	0	0	0	0			0	0	0	0	0	
XHev/Se Nab. 2 (862)	excluded: Nabatean script	Nabatean	Papyrus	Roman	Unknown Cave	Other	12	11	0	0	0	0			0	0	0	0	0	
